Commit 1 at Fri Jun 19 07:50:45 UTC 2026
Commit 2 at Fri Jun 19 07:50:52 UTC 2026
Commit 3 at Fri Jun 19 07:50:57 UTC 2026
Commit 4 at Fri Jun 19 07:51:02 UTC 2026
Commit 5 at Fri Jun 19 07:51:06 UTC 2026
Commit 6 at Fri Jun 19 07:51:15 UTC 2026
Commit 7 at Fri Jun 19 07:51:18 UTC 2026
Commit 8 at Fri Jun 19 07:51:20 UTC 2026
Commit 9 at Fri Jun 19 07:51:28 UTC 2026
Commit 10 at Fri Jun 19 07:51:33 UTC 2026
Commit 11 at Fri Jun 19 07:51:37 UTC 2026
Commit 12 at Fri Jun 19 07:51:40 UTC 2026
Commit 13 at Fri Jun 19 07:51:41 UTC 2026
Commit 14 at Fri Jun 19 07:51:47 UTC 2026
Commit 1 at Fri Jun 19 12:17:51 UTC 2026
Commit 2 at Fri Jun 19 12:17:57 UTC 2026
Commit 3 at Fri Jun 19 12:18:01 UTC 2026
Commit 4 at Fri Jun 19 12:18:05 UTC 2026
Commit 5 at Fri Jun 19 12:18:05 UTC 2026
Commit 6 at Fri Jun 19 12:18:13 UTC 2026
Commit 1 at Fri Jun 19 18:06:17 UTC 2026
Commit 2 at Fri Jun 19 18:06:20 UTC 2026
Commit 3 at Fri Jun 19 18:06:25 UTC 2026
Commit 1 at Fri Jun 19 21:34:15 UTC 2026
Commit 2 at Fri Jun 19 21:34:15 UTC 2026
Commit 3 at Fri Jun 19 21:34:20 UTC 2026
Commit 4 at Fri Jun 19 21:34:27 UTC 2026
Commit 5 at Fri Jun 19 21:34:36 UTC 2026
Commit 6 at Fri Jun 19 21:34:37 UTC 2026
Commit 7 at Fri Jun 19 21:34:38 UTC 2026
Commit 8 at Fri Jun 19 21:34:45 UTC 2026
Commit 9 at Fri Jun 19 21:34:45 UTC 2026
Commit 10 at Fri Jun 19 21:34:52 UTC 2026
Commit 11 at Fri Jun 19 21:34:56 UTC 2026
Commit 12 at Fri Jun 19 21:34:58 UTC 2026
Commit 13 at Fri Jun 19 21:35:05 UTC 2026
Commit 14 at Fri Jun 19 21:35:10 UTC 2026
Commit 1 at Sat Jun 20 04:40:48 UTC 2026
Commit 2 at Sat Jun 20 04:40:55 UTC 2026
Commit 3 at Sat Jun 20 04:41:00 UTC 2026
Commit 4 at Sat Jun 20 04:41:09 UTC 2026
Commit 5 at Sat Jun 20 04:41:14 UTC 2026
Commit 6 at Sat Jun 20 04:41:20 UTC 2026
Commit 7 at Sat Jun 20 04:41:22 UTC 2026
Commit 8 at Sat Jun 20 04:41:29 UTC 2026
Commit 9 at Sat Jun 20 04:41:33 UTC 2026
Commit 10 at Sat Jun 20 04:41:35 UTC 2026
Commit 11 at Sat Jun 20 04:41:42 UTC 2026
Commit 12 at Sat Jun 20 04:41:42 UTC 2026
Commit 13 at Sat Jun 20 04:41:51 UTC 2026
Commit 1 at Sat Jun 20 10:41:07 UTC 2026
Commit 2 at Sat Jun 20 10:41:08 UTC 2026
Commit 3 at Sat Jun 20 10:41:11 UTC 2026
Commit 4 at Sat Jun 20 10:41:15 UTC 2026
Commit 1 at Sat Jun 20 14:29:28 UTC 2026
Commit 2 at Sat Jun 20 14:29:33 UTC 2026
Commit 3 at Sat Jun 20 14:29:33 UTC 2026
Commit 4 at Sat Jun 20 14:29:35 UTC 2026
Commit 5 at Sat Jun 20 14:29:35 UTC 2026
Commit 1 at Sat Jun 20 17:47:17 UTC 2026
Commit 2 at Sat Jun 20 17:47:25 UTC 2026
Commit 3 at Sat Jun 20 17:47:25 UTC 2026
Commit 4 at Sat Jun 20 17:47:29 UTC 2026
Commit 5 at Sat Jun 20 17:47:34 UTC 2026
Commit 6 at Sat Jun 20 17:47:42 UTC 2026
Commit 7 at Sat Jun 20 17:47:46 UTC 2026
Commit 8 at Sat Jun 20 17:47:53 UTC 2026
Commit 1 at Sat Jun 20 21:39:40 UTC 2026
Commit 2 at Sat Jun 20 21:39:42 UTC 2026
Commit 3 at Sat Jun 20 21:39:51 UTC 2026
Commit 4 at Sat Jun 20 21:39:53 UTC 2026
Commit 5 at Sat Jun 20 21:40:01 UTC 2026
Commit 6 at Sat Jun 20 21:40:05 UTC 2026
Commit 7 at Sat Jun 20 21:40:08 UTC 2026
Commit 8 at Sat Jun 20 21:40:08 UTC 2026
Commit 1 at Sun Jun 21 05:18:17 UTC 2026
Commit 2 at Sun Jun 21 05:18:18 UTC 2026
Commit 1 at Sun Jun 21 11:24:45 UTC 2026
Commit 2 at Sun Jun 21 11:24:53 UTC 2026
Commit 3 at Sun Jun 21 11:24:53 UTC 2026
Commit 4 at Sun Jun 21 11:25:00 UTC 2026
Commit 5 at Sun Jun 21 11:25:08 UTC 2026
Commit 6 at Sun Jun 21 11:25:10 UTC 2026
Commit 7 at Sun Jun 21 11:25:18 UTC 2026
Commit 8 at Sun Jun 21 11:25:23 UTC 2026
Commit 9 at Sun Jun 21 11:25:25 UTC 2026
Commit 10 at Sun Jun 21 11:25:27 UTC 2026
Commit 11 at Sun Jun 21 11:25:32 UTC 2026
Commit 12 at Sun Jun 21 11:25:38 UTC 2026
Commit 13 at Sun Jun 21 11:25:47 UTC 2026
Commit 14 at Sun Jun 21 11:25:50 UTC 2026
Commit 15 at Sun Jun 21 11:25:58 UTC 2026
Commit 1 at Sun Jun 21 14:32:11 UTC 2026
Commit 2 at Sun Jun 21 14:32:14 UTC 2026
Commit 3 at Sun Jun 21 14:32:21 UTC 2026
Commit 4 at Sun Jun 21 14:32:24 UTC 2026
Commit 5 at Sun Jun 21 14:32:28 UTC 2026
Commit 6 at Sun Jun 21 14:32:33 UTC 2026
Commit 7 at Sun Jun 21 14:32:41 UTC 2026
Commit 8 at Sun Jun 21 14:32:45 UTC 2026
Commit 1 at Sun Jun 21 17:51:58 UTC 2026
Commit 2 at Sun Jun 21 17:52:05 UTC 2026
Commit 3 at Sun Jun 21 17:52:14 UTC 2026
Commit 4 at Sun Jun 21 17:52:19 UTC 2026
Commit 5 at Sun Jun 21 17:52:28 UTC 2026
Commit 6 at Sun Jun 21 17:52:28 UTC 2026
Commit 7 at Sun Jun 21 17:52:34 UTC 2026
Commit 8 at Sun Jun 21 17:52:34 UTC 2026
Commit 9 at Sun Jun 21 17:52:41 UTC 2026
Commit 10 at Sun Jun 21 17:52:45 UTC 2026
Commit 11 at Sun Jun 21 17:52:53 UTC 2026
Commit 12 at Sun Jun 21 17:52:53 UTC 2026
Commit 13 at Sun Jun 21 17:53:01 UTC 2026
Commit 1 at Sun Jun 21 21:41:44 UTC 2026
Commit 2 at Sun Jun 21 21:41:53 UTC 2026
Commit 3 at Sun Jun 21 21:41:56 UTC 2026
Commit 4 at Sun Jun 21 21:42:05 UTC 2026
Commit 5 at Sun Jun 21 21:42:13 UTC 2026
Commit 6 at Sun Jun 21 21:42:22 UTC 2026
Commit 7 at Sun Jun 21 21:42:29 UTC 2026
Commit 8 at Sun Jun 21 21:42:37 UTC 2026
Commit 9 at Sun Jun 21 21:42:42 UTC 2026
Commit 1 at Mon Jun 22 05:30:26 UTC 2026
Commit 2 at Mon Jun 22 05:30:31 UTC 2026
Commit 1 at Mon Jun 22 13:44:12 UTC 2026
Commit 2 at Mon Jun 22 13:44:17 UTC 2026
Commit 3 at Mon Jun 22 13:44:24 UTC 2026
Commit 4 at Mon Jun 22 13:44:26 UTC 2026
Commit 5 at Mon Jun 22 13:44:32 UTC 2026
Commit 6 at Mon Jun 22 13:44:38 UTC 2026
Commit 7 at Mon Jun 22 13:44:42 UTC 2026
Commit 1 at Mon Jun 22 19:47:06 UTC 2026
Commit 2 at Mon Jun 22 19:47:12 UTC 2026
Commit 1 at Mon Jun 22 22:16:03 UTC 2026
Commit 2 at Mon Jun 22 22:16:10 UTC 2026
Commit 3 at Mon Jun 22 22:16:17 UTC 2026
Commit 4 at Mon Jun 22 22:16:18 UTC 2026
Commit 5 at Mon Jun 22 22:16:20 UTC 2026
Commit 6 at Mon Jun 22 22:16:27 UTC 2026
Commit 7 at Mon Jun 22 22:16:33 UTC 2026
Commit 8 at Mon Jun 22 22:16:39 UTC 2026
Commit 9 at Mon Jun 22 22:16:40 UTC 2026
Commit 10 at Mon Jun 22 22:16:49 UTC 2026
Commit 11 at Mon Jun 22 22:16:53 UTC 2026
Commit 12 at Mon Jun 22 22:16:59 UTC 2026
Commit 13 at Mon Jun 22 22:17:07 UTC 2026
Commit 14 at Mon Jun 22 22:17:12 UTC 2026
Commit 1 at Tue Jun 23 04:20:03 UTC 2026
Commit 2 at Tue Jun 23 04:20:08 UTC 2026
Commit 3 at Tue Jun 23 04:20:12 UTC 2026
Commit 4 at Tue Jun 23 04:20:18 UTC 2026
Commit 5 at Tue Jun 23 04:20:25 UTC 2026
Commit 6 at Tue Jun 23 04:20:32 UTC 2026
Commit 7 at Tue Jun 23 04:20:33 UTC 2026
Commit 8 at Tue Jun 23 04:20:38 UTC 2026
Commit 9 at Tue Jun 23 04:20:39 UTC 2026
Commit 1 at Tue Jun 23 11:31:05 UTC 2026
Commit 2 at Tue Jun 23 11:31:09 UTC 2026
Commit 3 at Tue Jun 23 11:31:15 UTC 2026
Commit 4 at Tue Jun 23 11:31:24 UTC 2026
Commit 1 at Tue Jun 23 15:24:39 UTC 2026
Commit 2 at Tue Jun 23 15:24:40 UTC 2026
Commit 3 at Tue Jun 23 15:24:42 UTC 2026
Commit 4 at Tue Jun 23 15:24:43 UTC 2026
Commit 5 at Tue Jun 23 15:24:49 UTC 2026
Commit 6 at Tue Jun 23 15:24:50 UTC 2026
Commit 7 at Tue Jun 23 15:24:54 UTC 2026
Commit 8 at Tue Jun 23 15:24:57 UTC 2026
Commit 9 at Tue Jun 23 15:25:04 UTC 2026
Commit 10 at Tue Jun 23 15:25:05 UTC 2026
Commit 11 at Tue Jun 23 15:25:09 UTC 2026
Commit 12 at Tue Jun 23 15:25:15 UTC 2026
Commit 13 at Tue Jun 23 15:25:15 UTC 2026
Commit 1 at Tue Jun 23 18:16:22 UTC 2026
Commit 2 at Tue Jun 23 18:16:24 UTC 2026
Commit 3 at Tue Jun 23 18:16:31 UTC 2026
Commit 4 at Tue Jun 23 18:16:34 UTC 2026
Commit 5 at Tue Jun 23 18:16:43 UTC 2026
Commit 6 at Tue Jun 23 18:16:46 UTC 2026
Commit 7 at Tue Jun 23 18:16:54 UTC 2026
Commit 8 at Tue Jun 23 18:16:55 UTC 2026
Commit 9 at Tue Jun 23 18:17:01 UTC 2026
Commit 10 at Tue Jun 23 18:17:07 UTC 2026
Commit 1 at Tue Jun 23 21:51:15 UTC 2026
Commit 2 at Tue Jun 23 21:51:16 UTC 2026
Commit 3 at Tue Jun 23 21:51:18 UTC 2026
Commit 4 at Tue Jun 23 21:51:26 UTC 2026
Commit 5 at Tue Jun 23 21:51:34 UTC 2026
Commit 6 at Tue Jun 23 21:51:34 UTC 2026
Commit 7 at Tue Jun 23 21:51:41 UTC 2026
Commit 8 at Tue Jun 23 21:51:42 UTC 2026
Commit 9 at Tue Jun 23 21:51:46 UTC 2026
Commit 10 at Tue Jun 23 21:51:49 UTC 2026
Commit 11 at Tue Jun 23 21:51:50 UTC 2026
Commit 12 at Tue Jun 23 21:51:57 UTC 2026
Commit 13 at Tue Jun 23 21:52:01 UTC 2026
Commit 14 at Tue Jun 23 21:52:05 UTC 2026
Commit 1 at Wed Jun 24 04:35:19 UTC 2026
Commit 2 at Wed Jun 24 04:35:28 UTC 2026
Commit 3 at Wed Jun 24 04:35:30 UTC 2026
Commit 4 at Wed Jun 24 04:35:30 UTC 2026
Commit 5 at Wed Jun 24 04:35:39 UTC 2026
Commit 6 at Wed Jun 24 04:35:42 UTC 2026
Commit 7 at Wed Jun 24 04:35:45 UTC 2026
Commit 8 at Wed Jun 24 04:35:45 UTC 2026
Commit 9 at Wed Jun 24 04:35:45 UTC 2026
Commit 10 at Wed Jun 24 04:35:53 UTC 2026
Commit 11 at Wed Jun 24 04:35:56 UTC 2026
Commit 12 at Wed Jun 24 04:36:03 UTC 2026
Commit 13 at Wed Jun 24 04:36:05 UTC 2026
Commit 14 at Wed Jun 24 04:36:14 UTC 2026
Commit 15 at Wed Jun 24 04:36:22 UTC 2026
Commit 1 at Wed Jun 24 11:17:13 UTC 2026
Commit 2 at Wed Jun 24 11:17:17 UTC 2026
Commit 3 at Wed Jun 24 11:17:19 UTC 2026
Commit 4 at Wed Jun 24 11:17:28 UTC 2026
Commit 5 at Wed Jun 24 11:17:33 UTC 2026
Commit 6 at Wed Jun 24 11:17:41 UTC 2026
Commit 7 at Wed Jun 24 11:17:48 UTC 2026
Commit 8 at Wed Jun 24 11:17:56 UTC 2026
Commit 9 at Wed Jun 24 11:17:56 UTC 2026
Commit 10 at Wed Jun 24 11:18:05 UTC 2026
Commit 11 at Wed Jun 24 11:18:09 UTC 2026
Commit 12 at Wed Jun 24 11:18:16 UTC 2026
Commit 1 at Wed Jun 24 15:07:18 UTC 2026
Commit 2 at Wed Jun 24 15:07:27 UTC 2026
Commit 3 at Wed Jun 24 15:07:35 UTC 2026
Commit 4 at Wed Jun 24 15:07:35 UTC 2026
Commit 5 at Wed Jun 24 15:07:40 UTC 2026
Commit 6 at Wed Jun 24 15:07:49 UTC 2026
Commit 7 at Wed Jun 24 15:07:55 UTC 2026
Commit 8 at Wed Jun 24 15:08:00 UTC 2026
Commit 9 at Wed Jun 24 15:08:04 UTC 2026
Commit 10 at Wed Jun 24 15:08:10 UTC 2026
Commit 11 at Wed Jun 24 15:08:10 UTC 2026
Commit 1 at Wed Jun 24 18:07:08 UTC 2026
Commit 2 at Wed Jun 24 18:07:10 UTC 2026
Commit 3 at Wed Jun 24 18:07:12 UTC 2026
Commit 4 at Wed Jun 24 18:07:19 UTC 2026
Commit 1 at Wed Jun 24 21:45:29 UTC 2026
Commit 2 at Wed Jun 24 21:45:34 UTC 2026
Commit 3 at Wed Jun 24 21:45:34 UTC 2026
Commit 4 at Wed Jun 24 21:45:37 UTC 2026
Commit 5 at Wed Jun 24 21:45:41 UTC 2026
Commit 6 at Wed Jun 24 21:45:45 UTC 2026
Commit 7 at Wed Jun 24 21:45:54 UTC 2026
Commit 8 at Wed Jun 24 21:45:55 UTC 2026
Commit 9 at Wed Jun 24 21:45:58 UTC 2026
Commit 10 at Wed Jun 24 21:46:07 UTC 2026
Commit 11 at Wed Jun 24 21:46:08 UTC 2026
Commit 12 at Wed Jun 24 21:46:17 UTC 2026
Commit 1 at Thu Jun 25 04:33:55 UTC 2026
Commit 2 at Thu Jun 25 04:34:04 UTC 2026
Commit 3 at Thu Jun 25 04:34:10 UTC 2026
Commit 4 at Thu Jun 25 04:34:14 UTC 2026
Commit 5 at Thu Jun 25 04:34:23 UTC 2026
Commit 6 at Thu Jun 25 04:34:26 UTC 2026
Commit 7 at Thu Jun 25 04:34:30 UTC 2026
Commit 8 at Thu Jun 25 04:34:30 UTC 2026
Commit 9 at Thu Jun 25 04:34:38 UTC 2026
Commit 10 at Thu Jun 25 04:34:44 UTC 2026
Commit 11 at Thu Jun 25 04:34:44 UTC 2026
Commit 12 at Thu Jun 25 04:34:47 UTC 2026
Commit 13 at Thu Jun 25 04:34:54 UTC 2026
Commit 1 at Thu Jun 25 11:08:07 UTC 2026
Commit 2 at Thu Jun 25 11:08:11 UTC 2026
Commit 3 at Thu Jun 25 11:08:11 UTC 2026
Commit 4 at Thu Jun 25 11:08:16 UTC 2026
Commit 5 at Thu Jun 25 11:08:16 UTC 2026
Commit 6 at Thu Jun 25 11:08:20 UTC 2026
Commit 7 at Thu Jun 25 11:08:23 UTC 2026
Commit 8 at Thu Jun 25 11:08:25 UTC 2026
Commit 9 at Thu Jun 25 11:08:27 UTC 2026
Commit 10 at Thu Jun 25 11:08:29 UTC 2026
Commit 11 at Thu Jun 25 11:08:30 UTC 2026
Commit 12 at Thu Jun 25 11:08:39 UTC 2026
Commit 13 at Thu Jun 25 11:08:40 UTC 2026
Commit 14 at Thu Jun 25 11:08:45 UTC 2026
Commit 1 at Thu Jun 25 15:12:04 UTC 2026
Commit 1 at Thu Jun 25 18:25:21 UTC 2026
Commit 2 at Thu Jun 25 18:25:30 UTC 2026
Commit 3 at Thu Jun 25 18:25:30 UTC 2026
Commit 4 at Thu Jun 25 18:25:38 UTC 2026
Commit 5 at Thu Jun 25 18:25:47 UTC 2026
Commit 6 at Thu Jun 25 18:25:52 UTC 2026
Commit 7 at Thu Jun 25 18:26:00 UTC 2026
Commit 8 at Thu Jun 25 18:26:07 UTC 2026
Commit 9 at Thu Jun 25 18:26:14 UTC 2026
Commit 10 at Thu Jun 25 18:26:15 UTC 2026
Commit 11 at Thu Jun 25 18:26:23 UTC 2026
Commit 1 at Thu Jun 25 21:52:46 UTC 2026
Commit 2 at Thu Jun 25 21:52:55 UTC 2026
Commit 3 at Thu Jun 25 21:52:58 UTC 2026
Commit 4 at Thu Jun 25 21:53:05 UTC 2026
Commit 5 at Thu Jun 25 21:53:07 UTC 2026
Commit 6 at Thu Jun 25 21:53:08 UTC 2026
Commit 7 at Thu Jun 25 21:53:09 UTC 2026
Commit 8 at Thu Jun 25 21:53:14 UTC 2026
Commit 9 at Thu Jun 25 21:53:14 UTC 2026
Commit 10 at Thu Jun 25 21:53:16 UTC 2026
Commit 11 at Thu Jun 25 21:53:25 UTC 2026
Commit 12 at Thu Jun 25 21:53:30 UTC 2026
Commit 13 at Thu Jun 25 21:53:35 UTC 2026
Commit 14 at Thu Jun 25 21:53:35 UTC 2026
Commit 1 at Fri Jun 26 04:39:09 UTC 2026
Commit 2 at Fri Jun 26 04:39:13 UTC 2026
Commit 3 at Fri Jun 26 04:39:22 UTC 2026
Commit 4 at Fri Jun 26 04:39:26 UTC 2026
Commit 5 at Fri Jun 26 04:39:30 UTC 2026
Commit 6 at Fri Jun 26 04:39:39 UTC 2026
Commit 7 at Fri Jun 26 04:39:45 UTC 2026
Commit 8 at Fri Jun 26 04:39:48 UTC 2026
Commit 9 at Fri Jun 26 04:39:56 UTC 2026
Commit 1 at Fri Jun 26 11:14:37 UTC 2026
Commit 2 at Fri Jun 26 11:14:37 UTC 2026
Commit 3 at Fri Jun 26 11:14:41 UTC 2026
Commit 4 at Fri Jun 26 11:14:46 UTC 2026
Commit 5 at Fri Jun 26 11:14:48 UTC 2026
Commit 6 at Fri Jun 26 11:14:49 UTC 2026
Commit 7 at Fri Jun 26 11:14:56 UTC 2026
Commit 8 at Fri Jun 26 11:14:57 UTC 2026
Commit 9 at Fri Jun 26 11:14:58 UTC 2026
Commit 10 at Fri Jun 26 11:15:07 UTC 2026
Commit 11 at Fri Jun 26 11:15:13 UTC 2026
Commit 12 at Fri Jun 26 11:15:19 UTC 2026
Commit 1 at Fri Jun 26 14:47:28 UTC 2026
Commit 2 at Fri Jun 26 14:47:35 UTC 2026
Commit 3 at Fri Jun 26 14:47:43 UTC 2026
Commit 4 at Fri Jun 26 14:47:47 UTC 2026
Commit 5 at Fri Jun 26 14:47:50 UTC 2026
Commit 6 at Fri Jun 26 14:47:52 UTC 2026
Commit 7 at Fri Jun 26 14:47:56 UTC 2026
Commit 8 at Fri Jun 26 14:48:02 UTC 2026
Commit 9 at Fri Jun 26 14:48:11 UTC 2026
Commit 10 at Fri Jun 26 14:48:12 UTC 2026
Commit 1 at Fri Jun 26 18:03:21 UTC 2026
Commit 2 at Fri Jun 26 18:03:29 UTC 2026
Commit 3 at Fri Jun 26 18:03:38 UTC 2026
Commit 4 at Fri Jun 26 18:03:46 UTC 2026
Commit 5 at Fri Jun 26 18:03:51 UTC 2026
Commit 6 at Fri Jun 26 18:03:55 UTC 2026
Commit 7 at Fri Jun 26 18:03:55 UTC 2026
Commit 1 at Fri Jun 26 21:40:13 UTC 2026
Commit 2 at Fri Jun 26 21:40:21 UTC 2026
Commit 3 at Fri Jun 26 21:40:21 UTC 2026
Commit 4 at Fri Jun 26 21:40:29 UTC 2026
Commit 5 at Fri Jun 26 21:40:37 UTC 2026
Commit 6 at Fri Jun 26 21:40:43 UTC 2026
Commit 7 at Fri Jun 26 21:40:45 UTC 2026
Commit 8 at Fri Jun 26 21:40:47 UTC 2026
Commit 1 at Sat Jun 27 04:15:45 UTC 2026
Commit 2 at Sat Jun 27 04:15:46 UTC 2026
Commit 3 at Sat Jun 27 04:15:54 UTC 2026
Commit 4 at Sat Jun 27 04:16:02 UTC 2026
Commit 5 at Sat Jun 27 04:16:10 UTC 2026
Commit 6 at Sat Jun 27 04:16:18 UTC 2026
Commit 7 at Sat Jun 27 04:16:25 UTC 2026
Commit 8 at Sat Jun 27 04:16:30 UTC 2026
Commit 9 at Sat Jun 27 04:16:38 UTC 2026
Commit 10 at Sat Jun 27 04:16:45 UTC 2026
Commit 11 at Sat Jun 27 04:16:53 UTC 2026
Commit 12 at Sat Jun 27 04:16:59 UTC 2026
Commit 13 at Sat Jun 27 04:17:08 UTC 2026
Commit 14 at Sat Jun 27 04:17:12 UTC 2026
Commit 1 at Sat Jun 27 07:28:23 UTC 2026
Commit 2 at Sat Jun 27 07:28:26 UTC 2026
Commit 3 at Sat Jun 27 07:28:31 UTC 2026
Commit 4 at Sat Jun 27 07:28:40 UTC 2026
Commit 5 at Sat Jun 27 07:28:44 UTC 2026
Commit 6 at Sat Jun 27 07:28:49 UTC 2026
Commit 7 at Sat Jun 27 07:28:52 UTC 2026
Commit 8 at Sat Jun 27 07:28:57 UTC 2026
Commit 9 at Sat Jun 27 07:29:02 UTC 2026
Commit 10 at Sat Jun 27 07:29:06 UTC 2026
Commit 11 at Sat Jun 27 07:29:07 UTC 2026
Commit 12 at Sat Jun 27 07:29:15 UTC 2026
Commit 13 at Sat Jun 27 07:29:18 UTC 2026
Commit 1 at Sat Jun 27 10:23:03 UTC 2026
Commit 1 at Sat Jun 27 14:06:08 UTC 2026
Commit 2 at Sat Jun 27 14:06:16 UTC 2026
Commit 3 at Sat Jun 27 14:06:17 UTC 2026
Commit 4 at Sat Jun 27 14:06:22 UTC 2026
Commit 5 at Sat Jun 27 14:06:23 UTC 2026
Commit 6 at Sat Jun 27 14:06:27 UTC 2026
Commit 7 at Sat Jun 27 14:06:34 UTC 2026
Commit 8 at Sat Jun 27 14:06:40 UTC 2026
Commit 9 at Sat Jun 27 14:06:44 UTC 2026
Commit 10 at Sat Jun 27 14:06:49 UTC 2026
Commit 11 at Sat Jun 27 14:06:53 UTC 2026
Commit 1 at Sat Jun 27 17:30:37 UTC 2026
Commit 2 at Sat Jun 27 17:30:46 UTC 2026
Commit 3 at Sat Jun 27 17:30:51 UTC 2026
Commit 4 at Sat Jun 27 17:30:54 UTC 2026
Commit 1 at Sat Jun 27 21:19:22 UTC 2026
Commit 2 at Sat Jun 27 21:19:25 UTC 2026
Commit 3 at Sat Jun 27 21:19:26 UTC 2026
Commit 4 at Sat Jun 27 21:19:31 UTC 2026
Commit 5 at Sat Jun 27 21:19:31 UTC 2026
Commit 6 at Sat Jun 27 21:19:31 UTC 2026
Commit 1 at Sun Jun 28 04:49:45 UTC 2026
Commit 2 at Sun Jun 28 04:49:49 UTC 2026
Commit 3 at Sun Jun 28 04:49:57 UTC 2026
Commit 1 at Sun Jun 28 10:34:29 UTC 2026
Commit 2 at Sun Jun 28 10:34:35 UTC 2026
Commit 3 at Sun Jun 28 10:34:40 UTC 2026
Commit 4 at Sun Jun 28 10:34:46 UTC 2026
Commit 5 at Sun Jun 28 10:34:49 UTC 2026
Commit 6 at Sun Jun 28 10:34:52 UTC 2026
Commit 7 at Sun Jun 28 10:34:59 UTC 2026
Commit 8 at Sun Jun 28 10:35:06 UTC 2026
Commit 9 at Sun Jun 28 10:35:11 UTC 2026
Commit 10 at Sun Jun 28 10:35:20 UTC 2026
Commit 11 at Sun Jun 28 10:35:26 UTC 2026
Commit 12 at Sun Jun 28 10:35:33 UTC 2026
Commit 13 at Sun Jun 28 10:35:38 UTC 2026
Commit 14 at Sun Jun 28 10:35:45 UTC 2026
Commit 15 at Sun Jun 28 10:35:49 UTC 2026
Commit 1 at Sun Jun 28 14:15:19 UTC 2026
Commit 2 at Sun Jun 28 14:15:20 UTC 2026
Commit 3 at Sun Jun 28 14:15:29 UTC 2026
Commit 4 at Sun Jun 28 14:15:37 UTC 2026
Commit 5 at Sun Jun 28 14:15:39 UTC 2026
Commit 6 at Sun Jun 28 14:15:46 UTC 2026
Commit 1 at Sun Jun 28 17:35:26 UTC 2026
Commit 2 at Sun Jun 28 17:35:26 UTC 2026
Commit 3 at Sun Jun 28 17:35:33 UTC 2026
Commit 4 at Sun Jun 28 17:35:38 UTC 2026
Commit 5 at Sun Jun 28 17:35:47 UTC 2026
Commit 6 at Sun Jun 28 17:35:49 UTC 2026
Commit 1 at Sun Jun 28 21:19:23 UTC 2026
Commit 2 at Sun Jun 28 21:19:29 UTC 2026
Commit 3 at Sun Jun 28 21:19:29 UTC 2026
Commit 4 at Sun Jun 28 21:19:38 UTC 2026
Commit 5 at Sun Jun 28 21:19:46 UTC 2026
Commit 6 at Sun Jun 28 21:19:55 UTC 2026
Commit 7 at Sun Jun 28 21:19:59 UTC 2026
Commit 8 at Sun Jun 28 21:20:04 UTC 2026
Commit 9 at Sun Jun 28 21:20:10 UTC 2026
Commit 10 at Sun Jun 28 21:20:19 UTC 2026
Commit 1 at Mon Jun 29 04:59:01 UTC 2026
Commit 2 at Mon Jun 29 04:59:05 UTC 2026
Commit 3 at Mon Jun 29 04:59:11 UTC 2026
Commit 4 at Mon Jun 29 04:59:14 UTC 2026
Commit 5 at Mon Jun 29 04:59:14 UTC 2026
Commit 6 at Mon Jun 29 04:59:16 UTC 2026
Commit 7 at Mon Jun 29 04:59:23 UTC 2026
Commit 8 at Mon Jun 29 04:59:25 UTC 2026
Commit 9 at Mon Jun 29 04:59:26 UTC 2026
Commit 10 at Mon Jun 29 04:59:27 UTC 2026
Commit 11 at Mon Jun 29 04:59:27 UTC 2026
Commit 12 at Mon Jun 29 04:59:33 UTC 2026
Commit 1 at Mon Jun 29 12:42:01 UTC 2026
Commit 2 at Mon Jun 29 12:42:03 UTC 2026
Commit 3 at Mon Jun 29 12:42:09 UTC 2026
Commit 4 at Mon Jun 29 12:42:13 UTC 2026
Commit 5 at Mon Jun 29 12:42:16 UTC 2026
Commit 6 at Mon Jun 29 12:42:19 UTC 2026
Commit 7 at Mon Jun 29 12:42:25 UTC 2026
Commit 8 at Mon Jun 29 12:42:26 UTC 2026
Commit 9 at Mon Jun 29 12:42:27 UTC 2026
Commit 10 at Mon Jun 29 12:42:32 UTC 2026
Commit 1 at Mon Jun 29 18:22:31 UTC 2026
Commit 2 at Mon Jun 29 18:22:34 UTC 2026
Commit 3 at Mon Jun 29 18:22:34 UTC 2026
Commit 4 at Mon Jun 29 18:22:38 UTC 2026
Commit 5 at Mon Jun 29 18:22:39 UTC 2026
Commit 6 at Mon Jun 29 18:22:40 UTC 2026
Commit 7 at Mon Jun 29 18:22:46 UTC 2026
Commit 8 at Mon Jun 29 18:22:55 UTC 2026
Commit 9 at Mon Jun 29 18:22:55 UTC 2026
Commit 10 at Mon Jun 29 18:23:02 UTC 2026
Commit 11 at Mon Jun 29 18:23:07 UTC 2026
Commit 12 at Mon Jun 29 18:23:12 UTC 2026
Commit 1 at Mon Jun 29 21:43:46 UTC 2026
Commit 2 at Mon Jun 29 21:43:46 UTC 2026
Commit 3 at Mon Jun 29 21:43:53 UTC 2026
Commit 4 at Mon Jun 29 21:43:55 UTC 2026
Commit 5 at Mon Jun 29 21:44:03 UTC 2026
Commit 6 at Mon Jun 29 21:44:04 UTC 2026
Commit 7 at Mon Jun 29 21:44:11 UTC 2026
Commit 8 at Mon Jun 29 21:44:11 UTC 2026
Commit 9 at Mon Jun 29 21:44:14 UTC 2026
Commit 10 at Mon Jun 29 21:44:23 UTC 2026
Commit 11 at Mon Jun 29 21:44:26 UTC 2026
Commit 12 at Mon Jun 29 21:44:28 UTC 2026
Commit 13 at Mon Jun 29 21:44:31 UTC 2026
Commit 14 at Mon Jun 29 21:44:33 UTC 2026
Commit 15 at Mon Jun 29 21:44:37 UTC 2026
Commit 1 at Tue Jun 30 04:33:32 UTC 2026
Commit 2 at Tue Jun 30 04:33:32 UTC 2026
Commit 3 at Tue Jun 30 04:33:32 UTC 2026
Commit 4 at Tue Jun 30 04:33:38 UTC 2026
Commit 5 at Tue Jun 30 04:33:43 UTC 2026
Commit 6 at Tue Jun 30 04:33:46 UTC 2026
Commit 7 at Tue Jun 30 04:33:51 UTC 2026
Commit 8 at Tue Jun 30 04:33:55 UTC 2026
Commit 9 at Tue Jun 30 04:34:02 UTC 2026
Commit 10 at Tue Jun 30 04:34:05 UTC 2026
Commit 11 at Tue Jun 30 04:34:13 UTC 2026
Commit 12 at Tue Jun 30 04:34:22 UTC 2026
Commit 13 at Tue Jun 30 04:34:30 UTC 2026
Commit 14 at Tue Jun 30 04:34:36 UTC 2026
Commit 1 at Tue Jun 30 11:21:26 UTC 2026
Commit 2 at Tue Jun 30 11:21:33 UTC 2026
Commit 3 at Tue Jun 30 11:21:36 UTC 2026
Commit 4 at Tue Jun 30 11:21:40 UTC 2026
Commit 5 at Tue Jun 30 11:21:41 UTC 2026
Commit 6 at Tue Jun 30 11:21:47 UTC 2026
Commit 7 at Tue Jun 30 11:21:49 UTC 2026
Commit 8 at Tue Jun 30 11:21:57 UTC 2026
Commit 9 at Tue Jun 30 11:22:06 UTC 2026
Commit 1 at Tue Jun 30 14:42:59 UTC 2026
Commit 2 at Tue Jun 30 14:43:00 UTC 2026
Commit 3 at Tue Jun 30 14:43:04 UTC 2026
Commit 4 at Tue Jun 30 14:43:11 UTC 2026
Commit 5 at Tue Jun 30 14:43:17 UTC 2026
Commit 6 at Tue Jun 30 14:43:19 UTC 2026
Commit 7 at Tue Jun 30 14:43:19 UTC 2026
Commit 1 at Tue Jun 30 18:14:16 UTC 2026
Commit 2 at Tue Jun 30 18:14:16 UTC 2026
Commit 3 at Tue Jun 30 18:14:18 UTC 2026
Commit 4 at Tue Jun 30 18:14:18 UTC 2026
Commit 5 at Tue Jun 30 18:14:22 UTC 2026
Commit 6 at Tue Jun 30 18:14:26 UTC 2026
Commit 7 at Tue Jun 30 18:14:27 UTC 2026
Commit 8 at Tue Jun 30 18:14:27 UTC 2026
Commit 9 at Tue Jun 30 18:14:28 UTC 2026
Commit 10 at Tue Jun 30 18:14:34 UTC 2026
Commit 11 at Tue Jun 30 18:14:41 UTC 2026
Commit 12 at Tue Jun 30 18:14:49 UTC 2026
Commit 13 at Tue Jun 30 18:14:50 UTC 2026
Commit 1 at Tue Jun 30 21:46:03 UTC 2026
Commit 2 at Tue Jun 30 21:46:09 UTC 2026
Commit 1 at Wed Jul  1 04:53:32 UTC 2026
Commit 2 at Wed Jul  1 04:53:36 UTC 2026
Commit 3 at Wed Jul  1 04:53:41 UTC 2026
Commit 4 at Wed Jul  1 04:53:48 UTC 2026
Commit 5 at Wed Jul  1 04:53:54 UTC 2026
Commit 6 at Wed Jul  1 04:54:00 UTC 2026
Commit 1 at Wed Jul  1 11:32:56 UTC 2026
Commit 2 at Wed Jul  1 11:33:00 UTC 2026
Commit 3 at Wed Jul  1 11:33:07 UTC 2026
Commit 4 at Wed Jul  1 11:33:09 UTC 2026
Commit 5 at Wed Jul  1 11:33:15 UTC 2026
Commit 1 at Wed Jul  1 15:11:32 UTC 2026
Commit 2 at Wed Jul  1 15:11:34 UTC 2026
Commit 3 at Wed Jul  1 15:11:41 UTC 2026
Commit 4 at Wed Jul  1 15:11:42 UTC 2026
Commit 5 at Wed Jul  1 15:11:47 UTC 2026
Commit 6 at Wed Jul  1 15:11:51 UTC 2026
Commit 7 at Wed Jul  1 15:12:00 UTC 2026
Commit 8 at Wed Jul  1 15:12:06 UTC 2026
Commit 9 at Wed Jul  1 15:12:15 UTC 2026
Commit 10 at Wed Jul  1 15:12:22 UTC 2026
Commit 11 at Wed Jul  1 15:12:26 UTC 2026
Commit 12 at Wed Jul  1 15:12:35 UTC 2026
Commit 13 at Wed Jul  1 15:12:35 UTC 2026
Commit 14 at Wed Jul  1 15:12:39 UTC 2026
Commit 1 at Wed Jul  1 18:16:13 UTC 2026
Commit 2 at Wed Jul  1 18:16:13 UTC 2026
Commit 3 at Wed Jul  1 18:16:19 UTC 2026
Commit 4 at Wed Jul  1 18:16:24 UTC 2026
Commit 5 at Wed Jul  1 18:16:32 UTC 2026
Commit 6 at Wed Jul  1 18:16:38 UTC 2026
Commit 1 at Wed Jul  1 21:46:38 UTC 2026
Commit 2 at Wed Jul  1 21:46:39 UTC 2026
Commit 3 at Wed Jul  1 21:46:42 UTC 2026
Commit 4 at Wed Jul  1 21:46:48 UTC 2026
Commit 5 at Wed Jul  1 21:46:53 UTC 2026
Commit 6 at Wed Jul  1 21:47:02 UTC 2026
Commit 7 at Wed Jul  1 21:47:04 UTC 2026
Commit 8 at Wed Jul  1 21:47:08 UTC 2026
Commit 9 at Wed Jul  1 21:47:15 UTC 2026
Commit 10 at Wed Jul  1 21:47:19 UTC 2026
Commit 11 at Wed Jul  1 21:47:28 UTC 2026
Commit 12 at Wed Jul  1 21:47:30 UTC 2026
Commit 13 at Wed Jul  1 21:47:34 UTC 2026
Commit 1 at Thu Jul  2 04:20:56 UTC 2026
Commit 2 at Thu Jul  2 04:20:57 UTC 2026
Commit 3 at Thu Jul  2 04:21:06 UTC 2026
Commit 4 at Thu Jul  2 04:21:10 UTC 2026
Commit 5 at Thu Jul  2 04:21:16 UTC 2026
Commit 6 at Thu Jul  2 04:21:25 UTC 2026
Commit 7 at Thu Jul  2 04:21:34 UTC 2026
Commit 1 at Thu Jul  2 10:50:46 UTC 2026
Commit 2 at Thu Jul  2 10:50:53 UTC 2026
Commit 3 at Thu Jul  2 10:51:00 UTC 2026
Commit 4 at Thu Jul  2 10:51:06 UTC 2026
Commit 1 at Thu Jul  2 14:28:42 UTC 2026
Commit 2 at Thu Jul  2 14:28:45 UTC 2026
Commit 3 at Thu Jul  2 14:28:52 UTC 2026
Commit 4 at Thu Jul  2 14:28:56 UTC 2026
Commit 5 at Thu Jul  2 14:28:56 UTC 2026
Commit 6 at Thu Jul  2 14:28:58 UTC 2026
Commit 7 at Thu Jul  2 14:29:00 UTC 2026
Commit 8 at Thu Jul  2 14:29:06 UTC 2026
Commit 1 at Thu Jul  2 18:01:37 UTC 2026
Commit 2 at Thu Jul  2 18:01:40 UTC 2026
Commit 3 at Thu Jul  2 18:01:49 UTC 2026
Commit 1 at Thu Jul  2 21:32:02 UTC 2026
Commit 2 at Thu Jul  2 21:32:09 UTC 2026
Commit 3 at Thu Jul  2 21:32:10 UTC 2026
Commit 4 at Thu Jul  2 21:32:19 UTC 2026
Commit 5 at Thu Jul  2 21:32:20 UTC 2026
Commit 6 at Thu Jul  2 21:32:25 UTC 2026
Commit 7 at Thu Jul  2 21:32:33 UTC 2026
Commit 8 at Thu Jul  2 21:32:35 UTC 2026
Commit 9 at Thu Jul  2 21:32:37 UTC 2026
Commit 10 at Thu Jul  2 21:32:42 UTC 2026
Commit 1 at Fri Jul  3 04:07:39 UTC 2026
Commit 2 at Fri Jul  3 04:07:45 UTC 2026
Commit 3 at Fri Jul  3 04:07:50 UTC 2026
Commit 4 at Fri Jul  3 04:07:52 UTC 2026
Commit 5 at Fri Jul  3 04:07:52 UTC 2026
Commit 6 at Fri Jul  3 04:07:59 UTC 2026
Commit 7 at Fri Jul  3 04:08:06 UTC 2026
Commit 8 at Fri Jul  3 04:08:09 UTC 2026
Commit 9 at Fri Jul  3 04:08:11 UTC 2026
Commit 10 at Fri Jul  3 04:08:17 UTC 2026
Commit 1 at Fri Jul  3 07:35:18 UTC 2026
Commit 2 at Fri Jul  3 07:35:23 UTC 2026
Commit 3 at Fri Jul  3 07:35:32 UTC 2026
Commit 4 at Fri Jul  3 07:35:37 UTC 2026
Commit 5 at Fri Jul  3 07:35:41 UTC 2026
Commit 6 at Fri Jul  3 07:35:48 UTC 2026
Commit 7 at Fri Jul  3 07:35:53 UTC 2026
Commit 8 at Fri Jul  3 07:35:57 UTC 2026
Commit 9 at Fri Jul  3 07:35:58 UTC 2026
Commit 1 at Fri Jul  3 10:49:35 UTC 2026
Commit 2 at Fri Jul  3 10:49:35 UTC 2026
Commit 3 at Fri Jul  3 10:49:44 UTC 2026
Commit 4 at Fri Jul  3 10:49:46 UTC 2026
Commit 5 at Fri Jul  3 10:49:50 UTC 2026
Commit 6 at Fri Jul  3 10:49:52 UTC 2026
Commit 7 at Fri Jul  3 10:49:52 UTC 2026
Commit 8 at Fri Jul  3 10:49:58 UTC 2026
Commit 9 at Fri Jul  3 10:50:02 UTC 2026
Commit 10 at Fri Jul  3 10:50:06 UTC 2026
Commit 11 at Fri Jul  3 10:50:08 UTC 2026
Commit 12 at Fri Jul  3 10:50:08 UTC 2026
Commit 13 at Fri Jul  3 10:50:09 UTC 2026
Commit 14 at Fri Jul  3 10:50:10 UTC 2026
Commit 15 at Fri Jul  3 10:50:18 UTC 2026
Commit 1 at Fri Jul  3 14:31:47 UTC 2026
Commit 2 at Fri Jul  3 14:31:52 UTC 2026
Commit 3 at Fri Jul  3 14:31:55 UTC 2026
Commit 4 at Fri Jul  3 14:32:02 UTC 2026
Commit 5 at Fri Jul  3 14:32:05 UTC 2026
Commit 6 at Fri Jul  3 14:32:10 UTC 2026
Commit 7 at Fri Jul  3 14:32:15 UTC 2026
Commit 8 at Fri Jul  3 14:32:20 UTC 2026
Commit 9 at Fri Jul  3 14:32:26 UTC 2026
Commit 10 at Fri Jul  3 14:32:33 UTC 2026
Commit 11 at Fri Jul  3 14:32:33 UTC 2026
Commit 1 at Fri Jul  3 17:47:16 UTC 2026
Commit 2 at Fri Jul  3 17:47:23 UTC 2026
Commit 1 at Fri Jul  3 21:31:13 UTC 2026
Commit 2 at Fri Jul  3 21:31:13 UTC 2026
Commit 3 at Fri Jul  3 21:31:20 UTC 2026
Commit 4 at Fri Jul  3 21:31:26 UTC 2026
Commit 5 at Fri Jul  3 21:31:27 UTC 2026
Commit 6 at Fri Jul  3 21:31:27 UTC 2026
Commit 7 at Fri Jul  3 21:31:27 UTC 2026
Commit 8 at Fri Jul  3 21:31:36 UTC 2026
Commit 9 at Fri Jul  3 21:31:40 UTC 2026
Commit 10 at Fri Jul  3 21:31:41 UTC 2026
Commit 1 at Sat Jul  4 04:00:57 UTC 2026
Commit 2 at Sat Jul  4 04:01:01 UTC 2026
Commit 3 at Sat Jul  4 04:01:04 UTC 2026
Commit 4 at Sat Jul  4 04:01:09 UTC 2026
Commit 5 at Sat Jul  4 04:01:17 UTC 2026
Commit 6 at Sat Jul  4 04:01:22 UTC 2026
Commit 7 at Sat Jul  4 04:01:27 UTC 2026
Commit 8 at Sat Jul  4 04:01:34 UTC 2026
Commit 9 at Sat Jul  4 04:01:41 UTC 2026
Commit 10 at Sat Jul  4 04:01:41 UTC 2026
Commit 11 at Sat Jul  4 04:01:46 UTC 2026
Commit 12 at Sat Jul  4 04:01:47 UTC 2026
Commit 13 at Sat Jul  4 04:01:52 UTC 2026
Commit 1 at Sat Jul  4 07:13:49 UTC 2026
Commit 2 at Sat Jul  4 07:13:57 UTC 2026
Commit 3 at Sat Jul  4 07:14:05 UTC 2026
Commit 4 at Sat Jul  4 07:14:08 UTC 2026
Commit 5 at Sat Jul  4 07:14:11 UTC 2026
Commit 6 at Sat Jul  4 07:14:20 UTC 2026
Commit 7 at Sat Jul  4 07:14:22 UTC 2026
Commit 8 at Sat Jul  4 07:14:28 UTC 2026
Commit 9 at Sat Jul  4 07:14:29 UTC 2026
Commit 10 at Sat Jul  4 07:14:35 UTC 2026
Commit 11 at Sat Jul  4 07:14:42 UTC 2026
Commit 1 at Sat Jul  4 10:25:06 UTC 2026
Commit 2 at Sat Jul  4 10:25:13 UTC 2026
Commit 3 at Sat Jul  4 10:25:17 UTC 2026
Commit 4 at Sat Jul  4 10:25:19 UTC 2026
Commit 5 at Sat Jul  4 10:25:22 UTC 2026
Commit 6 at Sat Jul  4 10:25:29 UTC 2026
Commit 7 at Sat Jul  4 10:25:34 UTC 2026
Commit 8 at Sat Jul  4 10:25:38 UTC 2026
Commit 9 at Sat Jul  4 10:25:42 UTC 2026
Commit 10 at Sat Jul  4 10:25:44 UTC 2026
Commit 11 at Sat Jul  4 10:25:50 UTC 2026
Commit 12 at Sat Jul  4 10:25:59 UTC 2026
Commit 13 at Sat Jul  4 10:26:08 UTC 2026
Commit 14 at Sat Jul  4 10:26:14 UTC 2026
Commit 15 at Sat Jul  4 10:26:15 UTC 2026
Commit 1 at Sat Jul  4 13:57:06 UTC 2026
Commit 1 at Sat Jul  4 17:18:31 UTC 2026
Commit 1 at Sat Jul  4 21:13:23 UTC 2026
Commit 2 at Sat Jul  4 21:13:29 UTC 2026
Commit 1 at Sun Jul  5 04:19:43 UTC 2026
Commit 2 at Sun Jul  5 04:19:46 UTC 2026
Commit 3 at Sun Jul  5 04:19:46 UTC 2026
Commit 4 at Sun Jul  5 04:19:52 UTC 2026
Commit 5 at Sun Jul  5 04:20:00 UTC 2026
Commit 6 at Sun Jul  5 04:20:05 UTC 2026
Commit 7 at Sun Jul  5 04:20:09 UTC 2026
Commit 8 at Sun Jul  5 04:20:14 UTC 2026
Commit 9 at Sun Jul  5 04:20:17 UTC 2026
Commit 10 at Sun Jul  5 04:20:17 UTC 2026
Commit 11 at Sun Jul  5 04:20:20 UTC 2026
Commit 12 at Sun Jul  5 04:20:23 UTC 2026
Commit 1 at Sun Jul  5 10:26:53 UTC 2026
Commit 2 at Sun Jul  5 10:27:01 UTC 2026
Commit 3 at Sun Jul  5 10:27:02 UTC 2026
Commit 4 at Sun Jul  5 10:27:09 UTC 2026
Commit 5 at Sun Jul  5 10:27:13 UTC 2026
Commit 6 at Sun Jul  5 10:27:15 UTC 2026
Commit 7 at Sun Jul  5 10:27:21 UTC 2026
Commit 8 at Sun Jul  5 10:27:30 UTC 2026
Commit 9 at Sun Jul  5 10:27:32 UTC 2026
Commit 1 at Sun Jul  5 14:08:38 UTC 2026
Commit 2 at Sun Jul  5 14:08:38 UTC 2026
Commit 1 at Sun Jul  5 17:31:45 UTC 2026
Commit 2 at Sun Jul  5 17:31:45 UTC 2026
Commit 1 at Sun Jul  5 21:19:01 UTC 2026
Commit 2 at Sun Jul  5 21:19:08 UTC 2026
Commit 3 at Sun Jul  5 21:19:15 UTC 2026
Commit 4 at Sun Jul  5 21:19:22 UTC 2026
Commit 5 at Sun Jul  5 21:19:30 UTC 2026
Commit 1 at Mon Jul  6 04:38:16 UTC 2026
Commit 1 at Mon Jul  6 12:15:07 UTC 2026
Commit 1 at Mon Jul  6 15:54:43 UTC 2026
Commit 2 at Mon Jul  6 15:54:48 UTC 2026
Commit 3 at Mon Jul  6 15:54:55 UTC 2026
Commit 4 at Mon Jul  6 15:55:01 UTC 2026
Commit 5 at Mon Jul  6 15:55:09 UTC 2026
Commit 6 at Mon Jul  6 15:55:13 UTC 2026
Commit 1 at Mon Jul  6 18:20:09 UTC 2026
Commit 2 at Mon Jul  6 18:20:15 UTC 2026
Commit 3 at Mon Jul  6 18:20:17 UTC 2026
Commit 4 at Mon Jul  6 18:20:25 UTC 2026
Commit 5 at Mon Jul  6 18:20:33 UTC 2026
Commit 6 at Mon Jul  6 18:20:36 UTC 2026
Commit 1 at Mon Jul  6 21:46:37 UTC 2026
Commit 2 at Mon Jul  6 21:46:38 UTC 2026
Commit 1 at Tue Jul  7 04:16:12 UTC 2026
Commit 2 at Tue Jul  7 04:16:16 UTC 2026
Commit 3 at Tue Jul  7 04:16:19 UTC 2026
Commit 1 at Tue Jul  7 07:53:59 UTC 2026
Commit 2 at Tue Jul  7 07:53:59 UTC 2026
Commit 3 at Tue Jul  7 07:54:06 UTC 2026
Commit 4 at Tue Jul  7 07:54:06 UTC 2026
Commit 5 at Tue Jul  7 07:54:12 UTC 2026
Commit 1 at Tue Jul  7 11:18:53 UTC 2026
Commit 2 at Tue Jul  7 11:18:59 UTC 2026
Commit 3 at Tue Jul  7 11:19:01 UTC 2026
Commit 4 at Tue Jul  7 11:19:04 UTC 2026
Commit 5 at Tue Jul  7 11:19:04 UTC 2026
Commit 6 at Tue Jul  7 11:19:07 UTC 2026
Commit 7 at Tue Jul  7 11:19:15 UTC 2026
Commit 8 at Tue Jul  7 11:19:20 UTC 2026
Commit 9 at Tue Jul  7 11:19:23 UTC 2026
Commit 10 at Tue Jul  7 11:19:25 UTC 2026
Commit 1 at Tue Jul  7 15:14:00 UTC 2026
Commit 1 at Tue Jul  7 18:19:33 UTC 2026
Commit 2 at Tue Jul  7 18:19:36 UTC 2026
Commit 3 at Tue Jul  7 18:19:40 UTC 2026
Commit 4 at Tue Jul  7 18:19:41 UTC 2026
Commit 5 at Tue Jul  7 18:19:42 UTC 2026
Commit 6 at Tue Jul  7 18:19:47 UTC 2026
Commit 7 at Tue Jul  7 18:19:52 UTC 2026
Commit 8 at Tue Jul  7 18:19:58 UTC 2026
Commit 9 at Tue Jul  7 18:20:01 UTC 2026
Commit 10 at Tue Jul  7 18:20:06 UTC 2026
Commit 11 at Tue Jul  7 18:20:14 UTC 2026
Commit 12 at Tue Jul  7 18:20:21 UTC 2026
Commit 13 at Tue Jul  7 18:20:24 UTC 2026
Commit 14 at Tue Jul  7 18:20:24 UTC 2026
Commit 15 at Tue Jul  7 18:20:28 UTC 2026
Commit 1 at Tue Jul  7 21:40:15 UTC 2026
Commit 2 at Tue Jul  7 21:40:22 UTC 2026
Commit 3 at Tue Jul  7 21:40:29 UTC 2026
Commit 4 at Tue Jul  7 21:40:29 UTC 2026
Commit 5 at Tue Jul  7 21:40:38 UTC 2026
Commit 6 at Tue Jul  7 21:40:41 UTC 2026
Commit 7 at Tue Jul  7 21:40:42 UTC 2026
Commit 8 at Tue Jul  7 21:40:49 UTC 2026
Commit 9 at Tue Jul  7 21:40:51 UTC 2026
Commit 10 at Tue Jul  7 21:40:53 UTC 2026
Commit 11 at Tue Jul  7 21:40:54 UTC 2026
Commit 12 at Tue Jul  7 21:41:03 UTC 2026
Commit 13 at Tue Jul  7 21:41:05 UTC 2026
Commit 14 at Tue Jul  7 21:41:12 UTC 2026
Commit 1 at Wed Jul  8 03:43:27 UTC 2026
Commit 2 at Wed Jul  8 03:43:29 UTC 2026
Commit 3 at Wed Jul  8 03:43:31 UTC 2026
Commit 4 at Wed Jul  8 03:43:32 UTC 2026
Commit 5 at Wed Jul  8 03:43:35 UTC 2026
Commit 6 at Wed Jul  8 03:43:37 UTC 2026
Commit 7 at Wed Jul  8 03:43:41 UTC 2026
Commit 1 at Wed Jul  8 06:38:09 UTC 2026
Commit 2 at Wed Jul  8 06:38:16 UTC 2026
Commit 3 at Wed Jul  8 06:38:17 UTC 2026
Commit 4 at Wed Jul  8 06:38:22 UTC 2026
Commit 5 at Wed Jul  8 06:38:24 UTC 2026
Commit 6 at Wed Jul  8 06:38:26 UTC 2026
Commit 7 at Wed Jul  8 06:38:34 UTC 2026
Commit 8 at Wed Jul  8 06:38:41 UTC 2026
Commit 9 at Wed Jul  8 06:38:45 UTC 2026
Commit 10 at Wed Jul  8 06:38:54 UTC 2026
Commit 11 at Wed Jul  8 06:38:56 UTC 2026
Commit 1 at Wed Jul  8 10:30:17 UTC 2026
Commit 2 at Wed Jul  8 10:30:21 UTC 2026
Commit 3 at Wed Jul  8 10:30:21 UTC 2026
Commit 4 at Wed Jul  8 10:30:25 UTC 2026
Commit 5 at Wed Jul  8 10:30:34 UTC 2026
Commit 6 at Wed Jul  8 10:30:41 UTC 2026
Commit 7 at Wed Jul  8 10:30:42 UTC 2026
Commit 8 at Wed Jul  8 10:30:48 UTC 2026
Commit 9 at Wed Jul  8 10:30:53 UTC 2026
Commit 10 at Wed Jul  8 10:31:00 UTC 2026
Commit 11 at Wed Jul  8 10:31:04 UTC 2026
Commit 1 at Wed Jul  8 14:40:20 UTC 2026
Commit 2 at Wed Jul  8 14:40:25 UTC 2026
Commit 3 at Wed Jul  8 14:40:32 UTC 2026
Commit 4 at Wed Jul  8 14:40:38 UTC 2026
Commit 5 at Wed Jul  8 14:40:40 UTC 2026
Commit 6 at Wed Jul  8 14:40:49 UTC 2026
Commit 7 at Wed Jul  8 14:40:54 UTC 2026
Commit 8 at Wed Jul  8 14:41:01 UTC 2026
Commit 9 at Wed Jul  8 14:41:09 UTC 2026
Commit 10 at Wed Jul  8 14:41:09 UTC 2026
Commit 11 at Wed Jul  8 14:41:10 UTC 2026
Commit 12 at Wed Jul  8 14:41:12 UTC 2026
Commit 13 at Wed Jul  8 14:41:12 UTC 2026
Commit 1 at Wed Jul  8 17:51:20 UTC 2026
Commit 2 at Wed Jul  8 17:51:22 UTC 2026
Commit 1 at Wed Jul  8 21:30:32 UTC 2026
Commit 2 at Wed Jul  8 21:30:33 UTC 2026
Commit 3 at Wed Jul  8 21:30:40 UTC 2026
Commit 1 at Thu Jul  9 04:12:59 UTC 2026
Commit 2 at Thu Jul  9 04:13:00 UTC 2026
Commit 3 at Thu Jul  9 04:13:08 UTC 2026
Commit 4 at Thu Jul  9 04:13:16 UTC 2026
Commit 1 at Thu Jul  9 07:52:42 UTC 2026
Commit 2 at Thu Jul  9 07:52:49 UTC 2026
Commit 3 at Thu Jul  9 07:52:57 UTC 2026
Commit 4 at Thu Jul  9 07:52:58 UTC 2026
Commit 5 at Thu Jul  9 07:52:59 UTC 2026
Commit 1 at Thu Jul  9 11:18:08 UTC 2026
Commit 2 at Thu Jul  9 11:18:11 UTC 2026
Commit 3 at Thu Jul  9 11:18:13 UTC 2026
Commit 4 at Thu Jul  9 11:18:17 UTC 2026
Commit 1 at Thu Jul  9 15:33:06 UTC 2026
Commit 2 at Thu Jul  9 15:33:14 UTC 2026
Commit 3 at Thu Jul  9 15:33:23 UTC 2026
Commit 4 at Thu Jul  9 15:33:27 UTC 2026
Commit 5 at Thu Jul  9 15:33:32 UTC 2026
Commit 6 at Thu Jul  9 15:33:35 UTC 2026
Commit 7 at Thu Jul  9 15:33:39 UTC 2026
Commit 8 at Thu Jul  9 15:33:41 UTC 2026
Commit 9 at Thu Jul  9 15:33:50 UTC 2026
Commit 10 at Thu Jul  9 15:33:55 UTC 2026
Commit 11 at Thu Jul  9 15:34:01 UTC 2026
Commit 12 at Thu Jul  9 15:34:04 UTC 2026
Commit 13 at Thu Jul  9 15:34:11 UTC 2026
Commit 14 at Thu Jul  9 15:34:12 UTC 2026
Commit 15 at Thu Jul  9 15:34:18 UTC 2026
Commit 1 at Thu Jul  9 18:08:09 UTC 2026
Commit 1 at Thu Jul  9 21:43:25 UTC 2026
Commit 2 at Thu Jul  9 21:43:30 UTC 2026
Commit 1 at Fri Jul 10 04:13:39 UTC 2026
Commit 2 at Fri Jul 10 04:13:45 UTC 2026
Commit 3 at Fri Jul 10 04:13:53 UTC 2026
Commit 4 at Fri Jul 10 04:14:02 UTC 2026
Commit 5 at Fri Jul 10 04:14:11 UTC 2026
Commit 6 at Fri Jul 10 04:14:11 UTC 2026
Commit 7 at Fri Jul 10 04:14:13 UTC 2026
Commit 8 at Fri Jul 10 04:14:18 UTC 2026
Commit 9 at Fri Jul 10 04:14:19 UTC 2026
Commit 10 at Fri Jul 10 04:14:27 UTC 2026
Commit 11 at Fri Jul 10 04:14:34 UTC 2026
Commit 12 at Fri Jul 10 04:14:35 UTC 2026
Commit 13 at Fri Jul 10 04:14:42 UTC 2026
Commit 14 at Fri Jul 10 04:14:49 UTC 2026
Commit 1 at Fri Jul 10 07:52:32 UTC 2026
Commit 2 at Fri Jul 10 07:52:37 UTC 2026
Commit 3 at Fri Jul 10 07:52:39 UTC 2026
Commit 4 at Fri Jul 10 07:52:48 UTC 2026
Commit 5 at Fri Jul 10 07:52:49 UTC 2026
Commit 6 at Fri Jul 10 07:52:52 UTC 2026
Commit 7 at Fri Jul 10 07:52:53 UTC 2026
Commit 8 at Fri Jul 10 07:52:59 UTC 2026
Commit 1 at Fri Jul 10 11:18:41 UTC 2026
Commit 2 at Fri Jul 10 11:18:44 UTC 2026
Commit 3 at Fri Jul 10 11:18:53 UTC 2026
Commit 4 at Fri Jul 10 11:18:59 UTC 2026
Commit 5 at Fri Jul 10 11:19:01 UTC 2026
Commit 6 at Fri Jul 10 11:19:07 UTC 2026
Commit 7 at Fri Jul 10 11:19:11 UTC 2026
Commit 8 at Fri Jul 10 11:19:18 UTC 2026
Commit 9 at Fri Jul 10 11:19:21 UTC 2026
Commit 10 at Fri Jul 10 11:19:25 UTC 2026
Commit 11 at Fri Jul 10 11:19:30 UTC 2026
Commit 1 at Fri Jul 10 14:50:41 UTC 2026
Commit 2 at Fri Jul 10 14:50:49 UTC 2026
Commit 3 at Fri Jul 10 14:50:55 UTC 2026
Commit 4 at Fri Jul 10 14:51:02 UTC 2026
Commit 5 at Fri Jul 10 14:51:08 UTC 2026
Commit 6 at Fri Jul 10 14:51:08 UTC 2026
Commit 7 at Fri Jul 10 14:51:11 UTC 2026
Commit 8 at Fri Jul 10 14:51:18 UTC 2026
Commit 9 at Fri Jul 10 14:51:24 UTC 2026
Commit 10 at Fri Jul 10 14:51:32 UTC 2026
Commit 11 at Fri Jul 10 14:51:33 UTC 2026
Commit 12 at Fri Jul 10 14:51:39 UTC 2026
Commit 1 at Fri Jul 10 18:00:49 UTC 2026
Commit 2 at Fri Jul 10 18:00:58 UTC 2026
Commit 3 at Fri Jul 10 18:01:04 UTC 2026
Commit 4 at Fri Jul 10 18:01:06 UTC 2026
Commit 5 at Fri Jul 10 18:01:07 UTC 2026
Commit 6 at Fri Jul 10 18:01:16 UTC 2026
Commit 7 at Fri Jul 10 18:01:24 UTC 2026
Commit 8 at Fri Jul 10 18:01:30 UTC 2026
Commit 9 at Fri Jul 10 18:01:39 UTC 2026
Commit 1 at Fri Jul 10 21:19:46 UTC 2026
Commit 2 at Fri Jul 10 21:19:53 UTC 2026
Commit 3 at Fri Jul 10 21:19:56 UTC 2026
Commit 4 at Fri Jul 10 21:20:03 UTC 2026
Commit 5 at Fri Jul 10 21:20:03 UTC 2026
Commit 6 at Fri Jul 10 21:20:11 UTC 2026
Commit 7 at Fri Jul 10 21:20:13 UTC 2026
Commit 1 at Sat Jul 11 03:41:37 UTC 2026
Commit 2 at Sat Jul 11 03:41:44 UTC 2026
Commit 3 at Sat Jul 11 03:41:48 UTC 2026
Commit 4 at Sat Jul 11 03:41:50 UTC 2026
Commit 5 at Sat Jul 11 03:41:50 UTC 2026
Commit 6 at Sat Jul 11 03:41:59 UTC 2026
Commit 1 at Sat Jul 11 06:25:42 UTC 2026
Commit 2 at Sat Jul 11 06:25:47 UTC 2026
Commit 3 at Sat Jul 11 06:25:50 UTC 2026
Commit 4 at Sat Jul 11 06:25:59 UTC 2026
Commit 5 at Sat Jul 11 06:25:59 UTC 2026
Commit 6 at Sat Jul 11 06:25:59 UTC 2026
Commit 7 at Sat Jul 11 06:26:04 UTC 2026
Commit 1 at Sat Jul 11 09:47:59 UTC 2026
Commit 2 at Sat Jul 11 09:48:04 UTC 2026
Commit 3 at Sat Jul 11 09:48:09 UTC 2026
Commit 4 at Sat Jul 11 09:48:14 UTC 2026
Commit 5 at Sat Jul 11 09:48:23 UTC 2026
Commit 6 at Sat Jul 11 09:48:26 UTC 2026
Commit 7 at Sat Jul 11 09:48:28 UTC 2026
Commit 8 at Sat Jul 11 09:48:35 UTC 2026
Commit 9 at Sat Jul 11 09:48:44 UTC 2026
Commit 1 at Sat Jul 11 13:53:36 UTC 2026
Commit 2 at Sat Jul 11 13:53:45 UTC 2026
Commit 3 at Sat Jul 11 13:53:50 UTC 2026
Commit 4 at Sat Jul 11 13:53:52 UTC 2026
Commit 5 at Sat Jul 11 13:53:53 UTC 2026
Commit 6 at Sat Jul 11 13:53:54 UTC 2026
Commit 7 at Sat Jul 11 13:53:55 UTC 2026
Commit 8 at Sat Jul 11 13:53:59 UTC 2026
Commit 9 at Sat Jul 11 13:54:08 UTC 2026
Commit 10 at Sat Jul 11 13:54:12 UTC 2026
Commit 11 at Sat Jul 11 13:54:15 UTC 2026
Commit 12 at Sat Jul 11 13:54:17 UTC 2026
Commit 1 at Sat Jul 11 17:15:03 UTC 2026
Commit 2 at Sat Jul 11 17:15:07 UTC 2026
Commit 3 at Sat Jul 11 17:15:07 UTC 2026
Commit 4 at Sat Jul 11 17:15:14 UTC 2026
Commit 5 at Sat Jul 11 17:15:14 UTC 2026
Commit 1 at Sat Jul 11 21:05:33 UTC 2026
Commit 2 at Sat Jul 11 21:05:38 UTC 2026
Commit 3 at Sat Jul 11 21:05:46 UTC 2026
Commit 4 at Sat Jul 11 21:05:53 UTC 2026
Commit 5 at Sat Jul 11 21:05:53 UTC 2026
Commit 6 at Sat Jul 11 21:05:53 UTC 2026
Commit 7 at Sat Jul 11 21:05:54 UTC 2026
Commit 8 at Sat Jul 11 21:06:01 UTC 2026
Commit 1 at Sun Jul 12 03:56:13 UTC 2026
Commit 2 at Sun Jul 12 03:56:20 UTC 2026
Commit 1 at Sun Jul 12 06:46:56 UTC 2026
Commit 2 at Sun Jul 12 06:47:05 UTC 2026
Commit 3 at Sun Jul 12 06:47:08 UTC 2026
Commit 4 at Sun Jul 12 06:47:12 UTC 2026
Commit 5 at Sun Jul 12 06:47:15 UTC 2026
Commit 6 at Sun Jul 12 06:47:23 UTC 2026
Commit 7 at Sun Jul 12 06:47:24 UTC 2026
Commit 8 at Sun Jul 12 06:47:27 UTC 2026
Commit 1 at Sun Jul 12 10:02:45 UTC 2026
Commit 2 at Sun Jul 12 10:02:47 UTC 2026
Commit 3 at Sun Jul 12 10:02:51 UTC 2026
Commit 4 at Sun Jul 12 10:02:53 UTC 2026
Commit 5 at Sun Jul 12 10:02:59 UTC 2026
Commit 6 at Sun Jul 12 10:03:06 UTC 2026
Commit 7 at Sun Jul 12 10:03:07 UTC 2026
Commit 8 at Sun Jul 12 10:03:11 UTC 2026
Commit 9 at Sun Jul 12 10:03:16 UTC 2026
Commit 10 at Sun Jul 12 10:03:20 UTC 2026
Commit 11 at Sun Jul 12 10:03:23 UTC 2026
Commit 12 at Sun Jul 12 10:03:27 UTC 2026
Commit 13 at Sun Jul 12 10:03:30 UTC 2026
Commit 1 at Sun Jul 12 13:55:34 UTC 2026
Commit 2 at Sun Jul 12 13:55:41 UTC 2026
Commit 3 at Sun Jul 12 13:55:44 UTC 2026
Commit 4 at Sun Jul 12 13:55:44 UTC 2026
Commit 5 at Sun Jul 12 13:55:51 UTC 2026
Commit 6 at Sun Jul 12 13:55:51 UTC 2026
Commit 7 at Sun Jul 12 13:56:00 UTC 2026
Commit 8 at Sun Jul 12 13:56:05 UTC 2026
Commit 9 at Sun Jul 12 13:56:07 UTC 2026
Commit 10 at Sun Jul 12 13:56:15 UTC 2026
Commit 1 at Sun Jul 12 17:16:27 UTC 2026
Commit 2 at Sun Jul 12 17:16:30 UTC 2026
Commit 3 at Sun Jul 12 17:16:30 UTC 2026
Commit 4 at Sun Jul 12 17:16:34 UTC 2026
Commit 5 at Sun Jul 12 17:16:39 UTC 2026
Commit 6 at Sun Jul 12 17:16:45 UTC 2026
Commit 1 at Sun Jul 12 21:06:28 UTC 2026
Commit 2 at Sun Jul 12 21:06:32 UTC 2026
Commit 3 at Sun Jul 12 21:06:36 UTC 2026
Commit 4 at Sun Jul 12 21:06:43 UTC 2026
Commit 5 at Sun Jul 12 21:06:43 UTC 2026
Commit 6 at Sun Jul 12 21:06:49 UTC 2026
Commit 7 at Sun Jul 12 21:06:51 UTC 2026
Commit 8 at Sun Jul 12 21:06:52 UTC 2026
Commit 9 at Sun Jul 12 21:07:00 UTC 2026
Commit 10 at Sun Jul 12 21:07:04 UTC 2026
Commit 11 at Sun Jul 12 21:07:05 UTC 2026
Commit 12 at Sun Jul 12 21:07:13 UTC 2026
Commit 1 at Mon Jul 13 03:59:04 UTC 2026
Commit 2 at Mon Jul 13 03:59:08 UTC 2026
Commit 3 at Mon Jul 13 03:59:14 UTC 2026
Commit 4 at Mon Jul 13 03:59:18 UTC 2026
Commit 5 at Mon Jul 13 03:59:22 UTC 2026
Commit 6 at Mon Jul 13 03:59:25 UTC 2026
Commit 7 at Mon Jul 13 03:59:26 UTC 2026
Commit 8 at Mon Jul 13 03:59:27 UTC 2026
Commit 9 at Mon Jul 13 03:59:33 UTC 2026
Commit 10 at Mon Jul 13 03:59:34 UTC 2026
Commit 11 at Mon Jul 13 03:59:37 UTC 2026
Commit 12 at Mon Jul 13 03:59:42 UTC 2026
Commit 13 at Mon Jul 13 03:59:42 UTC 2026
Commit 14 at Mon Jul 13 03:59:48 UTC 2026
Commit 15 at Mon Jul 13 03:59:54 UTC 2026
Commit 1 at Mon Jul 13 07:36:14 UTC 2026
Commit 2 at Mon Jul 13 07:36:15 UTC 2026
Commit 3 at Mon Jul 13 07:36:22 UTC 2026
Commit 4 at Mon Jul 13 07:36:31 UTC 2026
Commit 5 at Mon Jul 13 07:36:38 UTC 2026
Commit 1 at Mon Jul 13 11:28:02 UTC 2026
Commit 2 at Mon Jul 13 11:28:09 UTC 2026
Commit 3 at Mon Jul 13 11:28:11 UTC 2026
Commit 1 at Mon Jul 13 15:10:46 UTC 2026
Commit 1 at Mon Jul 13 18:05:45 UTC 2026
Commit 2 at Mon Jul 13 18:05:49 UTC 2026
Commit 3 at Mon Jul 13 18:05:53 UTC 2026
Commit 4 at Mon Jul 13 18:06:02 UTC 2026
Commit 5 at Mon Jul 13 18:06:04 UTC 2026
Commit 6 at Mon Jul 13 18:06:04 UTC 2026
Commit 7 at Mon Jul 13 18:06:13 UTC 2026
Commit 8 at Mon Jul 13 18:06:13 UTC 2026
Commit 9 at Mon Jul 13 18:06:13 UTC 2026
Commit 10 at Mon Jul 13 18:06:19 UTC 2026
Commit 11 at Mon Jul 13 18:06:26 UTC 2026
Commit 12 at Mon Jul 13 18:06:32 UTC 2026
Commit 13 at Mon Jul 13 18:06:38 UTC 2026
Commit 14 at Mon Jul 13 18:06:38 UTC 2026
Commit 15 at Mon Jul 13 18:06:43 UTC 2026
Commit 1 at Mon Jul 13 21:12:24 UTC 2026
Commit 2 at Mon Jul 13 21:12:25 UTC 2026
Commit 3 at Mon Jul 13 21:12:30 UTC 2026
Commit 4 at Mon Jul 13 21:12:34 UTC 2026
Commit 5 at Mon Jul 13 21:12:34 UTC 2026
Commit 6 at Mon Jul 13 21:12:41 UTC 2026
Commit 7 at Mon Jul 13 21:12:42 UTC 2026
Commit 8 at Mon Jul 13 21:12:50 UTC 2026
Commit 9 at Mon Jul 13 21:12:59 UTC 2026
Commit 10 at Mon Jul 13 21:13:03 UTC 2026
Commit 11 at Mon Jul 13 21:13:10 UTC 2026
Commit 12 at Mon Jul 13 21:13:12 UTC 2026
Commit 13 at Mon Jul 13 21:13:14 UTC 2026
Commit 14 at Mon Jul 13 21:13:20 UTC 2026
Commit 1 at Tue Jul 14 03:32:29 UTC 2026
Commit 2 at Tue Jul 14 03:32:30 UTC 2026
Commit 3 at Tue Jul 14 03:32:33 UTC 2026
Commit 4 at Tue Jul 14 03:32:41 UTC 2026
Commit 5 at Tue Jul 14 03:32:42 UTC 2026
Commit 6 at Tue Jul 14 03:32:51 UTC 2026
Commit 7 at Tue Jul 14 03:32:58 UTC 2026
Commit 8 at Tue Jul 14 03:33:08 UTC 2026
Commit 1 at Tue Jul 14 06:24:02 UTC 2026
Commit 2 at Tue Jul 14 06:24:08 UTC 2026
Commit 3 at Tue Jul 14 06:24:16 UTC 2026
Commit 4 at Tue Jul 14 06:24:17 UTC 2026
Commit 5 at Tue Jul 14 06:24:24 UTC 2026
Commit 1 at Tue Jul 14 10:09:50 UTC 2026
Commit 2 at Tue Jul 14 10:09:55 UTC 2026
Commit 3 at Tue Jul 14 10:10:00 UTC 2026
Commit 4 at Tue Jul 14 10:10:00 UTC 2026
Commit 5 at Tue Jul 14 10:10:00 UTC 2026
Commit 6 at Tue Jul 14 10:10:01 UTC 2026
Commit 7 at Tue Jul 14 10:10:10 UTC 2026
Commit 8 at Tue Jul 14 10:10:11 UTC 2026
Commit 9 at Tue Jul 14 10:10:15 UTC 2026
Commit 10 at Tue Jul 14 10:10:17 UTC 2026
Commit 11 at Tue Jul 14 10:10:20 UTC 2026
Commit 12 at Tue Jul 14 10:10:23 UTC 2026
Commit 13 at Tue Jul 14 10:10:26 UTC 2026
Commit 14 at Tue Jul 14 10:10:29 UTC 2026
Commit 1 at Tue Jul 14 14:13:01 UTC 2026
Commit 2 at Tue Jul 14 14:13:04 UTC 2026
Commit 3 at Tue Jul 14 14:13:08 UTC 2026
Commit 4 at Tue Jul 14 14:13:17 UTC 2026
Commit 5 at Tue Jul 14 14:13:19 UTC 2026
Commit 6 at Tue Jul 14 14:13:26 UTC 2026
Commit 7 at Tue Jul 14 14:13:33 UTC 2026
Commit 8 at Tue Jul 14 14:13:41 UTC 2026
Commit 9 at Tue Jul 14 14:13:48 UTC 2026
Commit 10 at Tue Jul 14 14:13:50 UTC 2026
Commit 11 at Tue Jul 14 14:13:54 UTC 2026
Commit 12 at Tue Jul 14 14:13:59 UTC 2026
Commit 13 at Tue Jul 14 14:14:05 UTC 2026
Commit 14 at Tue Jul 14 14:14:14 UTC 2026
Commit 15 at Tue Jul 14 14:14:18 UTC 2026
Commit 1 at Tue Jul 14 17:33:44 UTC 2026
Commit 2 at Tue Jul 14 17:33:48 UTC 2026
Commit 3 at Tue Jul 14 17:33:53 UTC 2026
Commit 4 at Tue Jul 14 17:33:59 UTC 2026
Commit 5 at Tue Jul 14 17:33:59 UTC 2026
Commit 6 at Tue Jul 14 17:34:02 UTC 2026
Commit 7 at Tue Jul 14 17:34:08 UTC 2026
Commit 1 at Tue Jul 14 21:14:22 UTC 2026
Commit 2 at Tue Jul 14 21:14:25 UTC 2026
Commit 3 at Tue Jul 14 21:14:27 UTC 2026
Commit 4 at Tue Jul 14 21:14:31 UTC 2026
Commit 5 at Tue Jul 14 21:14:38 UTC 2026
Commit 6 at Tue Jul 14 21:14:38 UTC 2026
Commit 7 at Tue Jul 14 21:14:43 UTC 2026
Commit 8 at Tue Jul 14 21:14:46 UTC 2026
Commit 9 at Tue Jul 14 21:14:47 UTC 2026
Commit 10 at Tue Jul 14 21:14:47 UTC 2026
Commit 11 at Tue Jul 14 21:14:55 UTC 2026
Commit 12 at Tue Jul 14 21:14:55 UTC 2026
Commit 13 at Tue Jul 14 21:15:02 UTC 2026
Commit 1 at Wed Jul 15 03:33:13 UTC 2026
Commit 2 at Wed Jul 15 03:33:19 UTC 2026
Commit 1 at Wed Jul 15 06:27:31 UTC 2026
Commit 2 at Wed Jul 15 06:27:34 UTC 2026
Commit 3 at Wed Jul 15 06:27:42 UTC 2026
Commit 4 at Wed Jul 15 06:27:42 UTC 2026
Commit 5 at Wed Jul 15 06:27:45 UTC 2026
Commit 6 at Wed Jul 15 06:27:52 UTC 2026
Commit 7 at Wed Jul 15 06:27:57 UTC 2026
Commit 8 at Wed Jul 15 06:27:58 UTC 2026
Commit 1 at Wed Jul 15 10:15:05 UTC 2026
Commit 2 at Wed Jul 15 10:15:08 UTC 2026
Commit 3 at Wed Jul 15 10:15:10 UTC 2026
Commit 4 at Wed Jul 15 10:15:10 UTC 2026
Commit 5 at Wed Jul 15 10:15:13 UTC 2026
Commit 1 at Wed Jul 15 14:08:28 UTC 2026
Commit 2 at Wed Jul 15 14:08:35 UTC 2026
Commit 3 at Wed Jul 15 14:08:41 UTC 2026
Commit 4 at Wed Jul 15 14:08:50 UTC 2026
Commit 5 at Wed Jul 15 14:08:59 UTC 2026
Commit 6 at Wed Jul 15 14:09:00 UTC 2026
Commit 7 at Wed Jul 15 14:09:02 UTC 2026
Commit 8 at Wed Jul 15 14:09:09 UTC 2026
Commit 9 at Wed Jul 15 14:09:09 UTC 2026
Commit 10 at Wed Jul 15 14:09:16 UTC 2026
Commit 11 at Wed Jul 15 14:09:18 UTC 2026
Commit 12 at Wed Jul 15 14:09:22 UTC 2026
Commit 1 at Wed Jul 15 17:38:05 UTC 2026
Commit 1 at Wed Jul 15 21:14:25 UTC 2026
Commit 2 at Wed Jul 15 21:14:28 UTC 2026
Commit 3 at Wed Jul 15 21:14:37 UTC 2026
Commit 4 at Wed Jul 15 21:14:40 UTC 2026
Commit 5 at Wed Jul 15 21:14:42 UTC 2026
Commit 6 at Wed Jul 15 21:14:42 UTC 2026
Commit 7 at Wed Jul 15 21:14:51 UTC 2026
Commit 8 at Wed Jul 15 21:14:54 UTC 2026
Commit 9 at Wed Jul 15 21:14:59 UTC 2026
Commit 10 at Wed Jul 15 21:15:02 UTC 2026
Commit 1 at Thu Jul 16 03:35:45 UTC 2026
Commit 1 at Thu Jul 16 06:30:43 UTC 2026
Commit 2 at Thu Jul 16 06:30:48 UTC 2026
Commit 3 at Thu Jul 16 06:30:55 UTC 2026
Commit 1 at Thu Jul 16 10:20:37 UTC 2026
Commit 2 at Thu Jul 16 10:20:39 UTC 2026
Commit 3 at Thu Jul 16 10:20:44 UTC 2026
Commit 4 at Thu Jul 16 10:20:50 UTC 2026
Commit 5 at Thu Jul 16 10:20:58 UTC 2026
Commit 6 at Thu Jul 16 10:21:06 UTC 2026
Commit 7 at Thu Jul 16 10:21:07 UTC 2026
Commit 8 at Thu Jul 16 10:21:13 UTC 2026
Commit 1 at Thu Jul 16 14:21:59 UTC 2026
Commit 2 at Thu Jul 16 14:22:03 UTC 2026
Commit 3 at Thu Jul 16 14:22:03 UTC 2026
Commit 4 at Thu Jul 16 14:22:07 UTC 2026
Commit 5 at Thu Jul 16 14:22:09 UTC 2026
Commit 6 at Thu Jul 16 14:22:15 UTC 2026
Commit 7 at Thu Jul 16 14:22:20 UTC 2026
Commit 8 at Thu Jul 16 14:22:28 UTC 2026
Commit 1 at Thu Jul 16 17:39:34 UTC 2026
Commit 2 at Thu Jul 16 17:39:43 UTC 2026
Commit 3 at Thu Jul 16 17:39:45 UTC 2026
Commit 4 at Thu Jul 16 17:39:48 UTC 2026
Commit 5 at Thu Jul 16 17:39:57 UTC 2026
Commit 6 at Thu Jul 16 17:40:00 UTC 2026
Commit 1 at Thu Jul 16 21:15:18 UTC 2026
Commit 2 at Thu Jul 16 21:15:24 UTC 2026
Commit 3 at Thu Jul 16 21:15:26 UTC 2026
Commit 4 at Thu Jul 16 21:15:35 UTC 2026
Commit 5 at Thu Jul 16 21:15:44 UTC 2026
Commit 6 at Thu Jul 16 21:15:47 UTC 2026
Commit 7 at Thu Jul 16 21:15:54 UTC 2026
Commit 8 at Thu Jul 16 21:15:56 UTC 2026
Commit 9 at Thu Jul 16 21:16:03 UTC 2026
Commit 1 at Fri Jul 17 03:36:10 UTC 2026
Commit 2 at Fri Jul 17 03:36:15 UTC 2026
Commit 3 at Fri Jul 17 03:36:17 UTC 2026
Commit 4 at Fri Jul 17 03:36:24 UTC 2026
Commit 5 at Fri Jul 17 03:36:24 UTC 2026
Commit 6 at Fri Jul 17 03:36:26 UTC 2026
Commit 7 at Fri Jul 17 03:36:27 UTC 2026
Commit 8 at Fri Jul 17 03:36:29 UTC 2026
Commit 9 at Fri Jul 17 03:36:31 UTC 2026
Commit 1 at Fri Jul 17 06:26:53 UTC 2026
Commit 2 at Fri Jul 17 06:26:59 UTC 2026
Commit 3 at Fri Jul 17 06:27:03 UTC 2026
Commit 4 at Fri Jul 17 06:27:11 UTC 2026
Commit 5 at Fri Jul 17 06:27:16 UTC 2026
Commit 6 at Fri Jul 17 06:27:21 UTC 2026
Commit 7 at Fri Jul 17 06:27:21 UTC 2026
Commit 8 at Fri Jul 17 06:27:28 UTC 2026
Commit 9 at Fri Jul 17 06:27:37 UTC 2026
Commit 1 at Fri Jul 17 10:11:17 UTC 2026
Commit 2 at Fri Jul 17 10:11:19 UTC 2026
Commit 3 at Fri Jul 17 10:11:25 UTC 2026
Commit 4 at Fri Jul 17 10:11:34 UTC 2026
Commit 5 at Fri Jul 17 10:11:41 UTC 2026
Commit 6 at Fri Jul 17 10:11:44 UTC 2026
Commit 7 at Fri Jul 17 10:11:45 UTC 2026
Commit 8 at Fri Jul 17 10:11:47 UTC 2026
Commit 9 at Fri Jul 17 10:11:54 UTC 2026
Commit 10 at Fri Jul 17 10:11:54 UTC 2026
Commit 11 at Fri Jul 17 10:11:59 UTC 2026
Commit 12 at Fri Jul 17 10:12:05 UTC 2026
Commit 13 at Fri Jul 17 10:12:12 UTC 2026
Commit 1 at Fri Jul 17 14:02:06 UTC 2026
Commit 2 at Fri Jul 17 14:02:06 UTC 2026
Commit 3 at Fri Jul 17 14:02:14 UTC 2026
Commit 1 at Fri Jul 17 17:30:14 UTC 2026
Commit 2 at Fri Jul 17 17:30:15 UTC 2026
Commit 3 at Fri Jul 17 17:30:21 UTC 2026
Commit 4 at Fri Jul 17 17:30:29 UTC 2026
Commit 5 at Fri Jul 17 17:30:34 UTC 2026
Commit 6 at Fri Jul 17 17:30:39 UTC 2026
Commit 7 at Fri Jul 17 17:30:45 UTC 2026
Commit 8 at Fri Jul 17 17:30:47 UTC 2026
Commit 9 at Fri Jul 17 17:30:53 UTC 2026
Commit 10 at Fri Jul 17 17:30:57 UTC 2026
Commit 11 at Fri Jul 17 17:31:00 UTC 2026
Commit 12 at Fri Jul 17 17:31:01 UTC 2026
Commit 1 at Fri Jul 17 21:07:22 UTC 2026
Commit 2 at Fri Jul 17 21:07:25 UTC 2026
Commit 3 at Fri Jul 17 21:07:29 UTC 2026
Commit 4 at Fri Jul 17 21:07:35 UTC 2026
Commit 1 at Sat Jul 18 03:30:18 UTC 2026
Commit 2 at Sat Jul 18 03:30:26 UTC 2026
Commit 3 at Sat Jul 18 03:30:27 UTC 2026
Commit 1 at Sat Jul 18 06:17:30 UTC 2026
Commit 2 at Sat Jul 18 06:17:36 UTC 2026
Commit 3 at Sat Jul 18 06:17:41 UTC 2026
Commit 4 at Sat Jul 18 06:17:46 UTC 2026
Commit 5 at Sat Jul 18 06:17:52 UTC 2026
Commit 6 at Sat Jul 18 06:18:00 UTC 2026
Commit 7 at Sat Jul 18 06:18:07 UTC 2026
Commit 8 at Sat Jul 18 06:18:13 UTC 2026
Commit 9 at Sat Jul 18 06:18:17 UTC 2026
Commit 10 at Sat Jul 18 06:18:23 UTC 2026
Commit 11 at Sat Jul 18 06:18:28 UTC 2026
Commit 1 at Sat Jul 18 09:44:23 UTC 2026
Commit 2 at Sat Jul 18 09:44:32 UTC 2026
Commit 3 at Sat Jul 18 09:44:37 UTC 2026
Commit 4 at Sat Jul 18 09:44:37 UTC 2026
Commit 5 at Sat Jul 18 09:44:46 UTC 2026
Commit 6 at Sat Jul 18 09:44:47 UTC 2026
Commit 7 at Sat Jul 18 09:44:56 UTC 2026
Commit 8 at Sat Jul 18 09:45:02 UTC 2026
Commit 9 at Sat Jul 18 09:45:04 UTC 2026
Commit 10 at Sat Jul 18 09:45:05 UTC 2026
Commit 11 at Sat Jul 18 09:45:07 UTC 2026
Commit 12 at Sat Jul 18 09:45:09 UTC 2026
Commit 1 at Sat Jul 18 13:47:39 UTC 2026
Commit 2 at Sat Jul 18 13:47:46 UTC 2026
Commit 3 at Sat Jul 18 13:47:55 UTC 2026
Commit 4 at Sat Jul 18 13:47:59 UTC 2026
Commit 5 at Sat Jul 18 13:48:08 UTC 2026
Commit 6 at Sat Jul 18 13:48:10 UTC 2026
Commit 7 at Sat Jul 18 13:48:19 UTC 2026
Commit 8 at Sat Jul 18 13:48:21 UTC 2026
Commit 9 at Sat Jul 18 13:48:29 UTC 2026
Commit 10 at Sat Jul 18 13:48:35 UTC 2026
Commit 11 at Sat Jul 18 13:48:37 UTC 2026
Commit 1 at Sat Jul 18 17:13:44 UTC 2026
Commit 2 at Sat Jul 18 17:13:46 UTC 2026
Commit 3 at Sat Jul 18 17:13:48 UTC 2026
Commit 4 at Sat Jul 18 17:13:55 UTC 2026
Commit 5 at Sat Jul 18 17:13:57 UTC 2026
Commit 6 at Sat Jul 18 17:14:04 UTC 2026
Commit 7 at Sat Jul 18 17:14:07 UTC 2026
Commit 8 at Sat Jul 18 17:14:12 UTC 2026
Commit 9 at Sat Jul 18 17:14:16 UTC 2026
Commit 10 at Sat Jul 18 17:14:24 UTC 2026
Commit 11 at Sat Jul 18 17:14:32 UTC 2026
Commit 12 at Sat Jul 18 17:14:34 UTC 2026
Commit 1 at Sat Jul 18 21:05:44 UTC 2026
Commit 2 at Sat Jul 18 21:05:49 UTC 2026
Commit 3 at Sat Jul 18 21:05:53 UTC 2026
Commit 4 at Sat Jul 18 21:05:58 UTC 2026
Commit 5 at Sat Jul 18 21:06:00 UTC 2026
Commit 6 at Sat Jul 18 21:06:09 UTC 2026
Commit 7 at Sat Jul 18 21:06:14 UTC 2026
Commit 8 at Sat Jul 18 21:06:14 UTC 2026
Commit 9 at Sat Jul 18 21:06:18 UTC 2026
Commit 10 at Sat Jul 18 21:06:18 UTC 2026
Commit 11 at Sat Jul 18 21:06:19 UTC 2026
Commit 12 at Sat Jul 18 21:06:24 UTC 2026
Commit 13 at Sat Jul 18 21:06:28 UTC 2026
Commit 1 at Sun Jul 19 03:53:12 UTC 2026
Commit 2 at Sun Jul 19 03:53:16 UTC 2026
Commit 3 at Sun Jul 19 03:53:25 UTC 2026
Commit 4 at Sun Jul 19 03:53:33 UTC 2026
Commit 5 at Sun Jul 19 03:53:34 UTC 2026
Commit 6 at Sun Jul 19 03:53:41 UTC 2026
Commit 7 at Sun Jul 19 03:53:50 UTC 2026
Commit 8 at Sun Jul 19 03:53:57 UTC 2026
Commit 9 at Sun Jul 19 03:54:06 UTC 2026
Commit 10 at Sun Jul 19 03:54:14 UTC 2026
Commit 11 at Sun Jul 19 03:54:23 UTC 2026
Commit 12 at Sun Jul 19 03:54:25 UTC 2026
Commit 13 at Sun Jul 19 03:54:30 UTC 2026
Commit 14 at Sun Jul 19 03:54:33 UTC 2026
Commit 1 at Sun Jul 19 06:43:51 UTC 2026
Commit 2 at Sun Jul 19 06:43:56 UTC 2026
Commit 3 at Sun Jul 19 06:44:02 UTC 2026
Commit 4 at Sun Jul 19 06:44:11 UTC 2026
Commit 5 at Sun Jul 19 06:44:16 UTC 2026
Commit 6 at Sun Jul 19 06:44:18 UTC 2026
Commit 7 at Sun Jul 19 06:44:20 UTC 2026
Commit 8 at Sun Jul 19 06:44:21 UTC 2026
Commit 9 at Sun Jul 19 06:44:25 UTC 2026
Commit 10 at Sun Jul 19 06:44:27 UTC 2026
Commit 11 at Sun Jul 19 06:44:29 UTC 2026
Commit 12 at Sun Jul 19 06:44:31 UTC 2026
Commit 13 at Sun Jul 19 06:44:36 UTC 2026
Commit 1 at Sun Jul 19 10:01:48 UTC 2026
Commit 2 at Sun Jul 19 10:01:51 UTC 2026
Commit 3 at Sun Jul 19 10:01:53 UTC 2026
Commit 4 at Sun Jul 19 10:02:00 UTC 2026
Commit 5 at Sun Jul 19 10:02:01 UTC 2026
Commit 6 at Sun Jul 19 10:02:03 UTC 2026
Commit 7 at Sun Jul 19 10:02:09 UTC 2026
Commit 8 at Sun Jul 19 10:02:14 UTC 2026
Commit 1 at Sun Jul 19 13:52:35 UTC 2026
Commit 2 at Sun Jul 19 13:52:36 UTC 2026
Commit 3 at Sun Jul 19 13:52:40 UTC 2026
Commit 4 at Sun Jul 19 13:52:46 UTC 2026
Commit 5 at Sun Jul 19 13:52:47 UTC 2026
Commit 6 at Sun Jul 19 13:52:55 UTC 2026
Commit 7 at Sun Jul 19 13:53:03 UTC 2026
Commit 8 at Sun Jul 19 13:53:08 UTC 2026
Commit 9 at Sun Jul 19 13:53:16 UTC 2026
Commit 1 at Sun Jul 19 17:15:05 UTC 2026
Commit 2 at Sun Jul 19 17:15:09 UTC 2026
Commit 3 at Sun Jul 19 17:15:11 UTC 2026
Commit 4 at Sun Jul 19 17:15:14 UTC 2026
Commit 5 at Sun Jul 19 17:15:15 UTC 2026
Commit 1 at Sun Jul 19 21:06:45 UTC 2026
Commit 2 at Sun Jul 19 21:06:53 UTC 2026
Commit 3 at Sun Jul 19 21:07:02 UTC 2026
Commit 4 at Sun Jul 19 21:07:07 UTC 2026
Commit 5 at Sun Jul 19 21:07:10 UTC 2026
Commit 6 at Sun Jul 19 21:07:10 UTC 2026
Commit 7 at Sun Jul 19 21:07:18 UTC 2026
Commit 8 at Sun Jul 19 21:07:19 UTC 2026
Commit 9 at Sun Jul 19 21:07:26 UTC 2026
Commit 10 at Sun Jul 19 21:07:33 UTC 2026
Commit 11 at Sun Jul 19 21:07:39 UTC 2026
Commit 12 at Sun Jul 19 21:07:48 UTC 2026
Commit 1 at Mon Jul 20 04:03:23 UTC 2026
Commit 2 at Mon Jul 20 04:03:27 UTC 2026
Commit 1 at Mon Jul 20 07:28:32 UTC 2026
Commit 2 at Mon Jul 20 07:28:37 UTC 2026
Commit 3 at Mon Jul 20 07:28:37 UTC 2026
Commit 1 at Mon Jul 20 11:12:22 UTC 2026
Commit 2 at Mon Jul 20 11:12:27 UTC 2026
Commit 3 at Mon Jul 20 11:12:29 UTC 2026
Commit 4 at Mon Jul 20 11:12:30 UTC 2026
Commit 5 at Mon Jul 20 11:12:32 UTC 2026
Commit 6 at Mon Jul 20 11:12:39 UTC 2026
Commit 7 at Mon Jul 20 11:12:42 UTC 2026
Commit 8 at Mon Jul 20 11:12:51 UTC 2026
Commit 9 at Mon Jul 20 11:12:52 UTC 2026
Commit 10 at Mon Jul 20 11:13:00 UTC 2026
Commit 11 at Mon Jul 20 11:13:08 UTC 2026
Commit 12 at Mon Jul 20 11:13:10 UTC 2026
Commit 13 at Mon Jul 20 11:13:17 UTC 2026
Commit 14 at Mon Jul 20 11:13:18 UTC 2026
Commit 15 at Mon Jul 20 11:13:25 UTC 2026
Commit 1 at Mon Jul 20 14:32:27 UTC 2026
Commit 1 at Mon Jul 20 18:18:34 UTC 2026
Commit 2 at Mon Jul 20 18:18:34 UTC 2026
Commit 3 at Mon Jul 20 18:18:39 UTC 2026
Commit 1 at Mon Jul 20 21:31:33 UTC 2026
Commit 2 at Mon Jul 20 21:31:35 UTC 2026
Commit 3 at Mon Jul 20 21:31:40 UTC 2026
Commit 4 at Mon Jul 20 21:31:41 UTC 2026
Commit 5 at Mon Jul 20 21:31:49 UTC 2026
Commit 6 at Mon Jul 20 21:31:55 UTC 2026
Commit 7 at Mon Jul 20 21:31:59 UTC 2026
Commit 8 at Mon Jul 20 21:32:08 UTC 2026
Commit 9 at Mon Jul 20 21:32:09 UTC 2026
Commit 1 at Tue Jul 21 03:43:55 UTC 2026
Commit 2 at Tue Jul 21 03:44:03 UTC 2026
Commit 3 at Tue Jul 21 03:44:03 UTC 2026
Commit 4 at Tue Jul 21 03:44:09 UTC 2026
Commit 5 at Tue Jul 21 03:44:15 UTC 2026
Commit 6 at Tue Jul 21 03:44:18 UTC 2026
Commit 7 at Tue Jul 21 03:44:25 UTC 2026
Commit 8 at Tue Jul 21 03:44:27 UTC 2026
Commit 9 at Tue Jul 21 03:44:36 UTC 2026
Commit 10 at Tue Jul 21 03:44:36 UTC 2026
Commit 11 at Tue Jul 21 03:44:41 UTC 2026
Commit 12 at Tue Jul 21 03:44:47 UTC 2026
Commit 1 at Tue Jul 21 06:40:40 UTC 2026
Commit 2 at Tue Jul 21 06:40:45 UTC 2026
Commit 3 at Tue Jul 21 06:40:47 UTC 2026
Commit 1 at Tue Jul 21 10:33:19 UTC 2026
Commit 2 at Tue Jul 21 10:33:23 UTC 2026
Commit 3 at Tue Jul 21 10:33:31 UTC 2026
Commit 4 at Tue Jul 21 10:33:33 UTC 2026
Commit 5 at Tue Jul 21 10:33:42 UTC 2026
Commit 1 at Tue Jul 21 14:20:29 UTC 2026
Commit 2 at Tue Jul 21 14:20:30 UTC 2026
Commit 3 at Tue Jul 21 14:20:38 UTC 2026
Commit 4 at Tue Jul 21 14:20:46 UTC 2026
Commit 5 at Tue Jul 21 14:20:52 UTC 2026
Commit 6 at Tue Jul 21 14:20:56 UTC 2026
Commit 7 at Tue Jul 21 14:21:00 UTC 2026
Commit 8 at Tue Jul 21 14:21:02 UTC 2026
Commit 9 at Tue Jul 21 14:21:04 UTC 2026
Commit 10 at Tue Jul 21 14:21:05 UTC 2026
Commit 11 at Tue Jul 21 14:21:13 UTC 2026
Commit 1 at Tue Jul 21 17:44:38 UTC 2026
Commit 2 at Tue Jul 21 17:44:46 UTC 2026
Commit 3 at Tue Jul 21 17:44:53 UTC 2026
Commit 4 at Tue Jul 21 17:44:59 UTC 2026
Commit 5 at Tue Jul 21 17:45:01 UTC 2026
Commit 6 at Tue Jul 21 17:45:07 UTC 2026
Commit 7 at Tue Jul 21 17:45:15 UTC 2026
Commit 8 at Tue Jul 21 17:45:19 UTC 2026
Commit 9 at Tue Jul 21 17:45:19 UTC 2026
Commit 10 at Tue Jul 21 17:45:20 UTC 2026
Commit 11 at Tue Jul 21 17:45:26 UTC 2026
Commit 12 at Tue Jul 21 17:45:27 UTC 2026
Commit 13 at Tue Jul 21 17:45:32 UTC 2026
Commit 1 at Tue Jul 21 21:32:09 UTC 2026
Commit 2 at Tue Jul 21 21:32:14 UTC 2026
Commit 3 at Tue Jul 21 21:32:23 UTC 2026
Commit 4 at Tue Jul 21 21:32:30 UTC 2026
Commit 5 at Tue Jul 21 21:32:31 UTC 2026
Commit 1 at Wed Jul 22 03:45:11 UTC 2026
Commit 2 at Wed Jul 22 03:45:14 UTC 2026
Commit 3 at Wed Jul 22 03:45:20 UTC 2026
Commit 4 at Wed Jul 22 03:45:25 UTC 2026
Commit 5 at Wed Jul 22 03:45:31 UTC 2026
Commit 6 at Wed Jul 22 03:45:39 UTC 2026
Commit 7 at Wed Jul 22 03:45:45 UTC 2026
Commit 8 at Wed Jul 22 03:45:51 UTC 2026
Commit 9 at Wed Jul 22 03:45:54 UTC 2026
Commit 10 at Wed Jul 22 03:45:55 UTC 2026
Commit 1 at Wed Jul 22 06:41:49 UTC 2026
Commit 2 at Wed Jul 22 06:41:58 UTC 2026
Commit 3 at Wed Jul 22 06:42:04 UTC 2026
Commit 4 at Wed Jul 22 06:42:10 UTC 2026
Commit 5 at Wed Jul 22 06:42:14 UTC 2026
Commit 6 at Wed Jul 22 06:42:19 UTC 2026
Commit 7 at Wed Jul 22 06:42:28 UTC 2026
Commit 8 at Wed Jul 22 06:42:32 UTC 2026
Commit 9 at Wed Jul 22 06:42:39 UTC 2026
Commit 10 at Wed Jul 22 06:42:43 UTC 2026
Commit 11 at Wed Jul 22 06:42:49 UTC 2026
Commit 12 at Wed Jul 22 06:42:52 UTC 2026
Commit 13 at Wed Jul 22 06:43:00 UTC 2026
Commit 14 at Wed Jul 22 06:43:00 UTC 2026
Commit 15 at Wed Jul 22 06:43:09 UTC 2026
Commit 1 at Wed Jul 22 10:33:47 UTC 2026
Commit 2 at Wed Jul 22 10:33:55 UTC 2026
Commit 1 at Wed Jul 22 14:21:13 UTC 2026
Commit 2 at Wed Jul 22 14:21:21 UTC 2026
Commit 3 at Wed Jul 22 14:21:26 UTC 2026
Commit 4 at Wed Jul 22 14:21:31 UTC 2026
Commit 5 at Wed Jul 22 14:21:35 UTC 2026
Commit 6 at Wed Jul 22 14:21:43 UTC 2026
Commit 7 at Wed Jul 22 14:21:44 UTC 2026
Commit 1 at Wed Jul 22 17:40:51 UTC 2026
Commit 2 at Wed Jul 22 17:40:51 UTC 2026
Commit 3 at Wed Jul 22 17:41:00 UTC 2026
Commit 4 at Wed Jul 22 17:41:02 UTC 2026
Commit 5 at Wed Jul 22 17:41:04 UTC 2026
Commit 6 at Wed Jul 22 17:41:08 UTC 2026
Commit 7 at Wed Jul 22 17:41:16 UTC 2026
Commit 8 at Wed Jul 22 17:41:21 UTC 2026
Commit 9 at Wed Jul 22 17:41:27 UTC 2026
Commit 1 at Wed Jul 22 21:29:38 UTC 2026
Commit 2 at Wed Jul 22 21:29:43 UTC 2026
Commit 3 at Wed Jul 22 21:29:45 UTC 2026
Commit 4 at Wed Jul 22 21:29:49 UTC 2026
Commit 5 at Wed Jul 22 21:29:53 UTC 2026
Commit 6 at Wed Jul 22 21:29:56 UTC 2026
Commit 7 at Wed Jul 22 21:29:57 UTC 2026
Commit 8 at Wed Jul 22 21:30:05 UTC 2026
Commit 9 at Wed Jul 22 21:30:13 UTC 2026
Commit 10 at Wed Jul 22 21:30:18 UTC 2026
Commit 11 at Wed Jul 22 21:30:26 UTC 2026
Commit 12 at Wed Jul 22 21:30:32 UTC 2026
Commit 1 at Thu Jul 23 03:43:42 UTC 2026
Commit 2 at Thu Jul 23 03:43:48 UTC 2026
Commit 3 at Thu Jul 23 03:43:49 UTC 2026
Commit 4 at Thu Jul 23 03:43:54 UTC 2026
Commit 5 at Thu Jul 23 03:44:00 UTC 2026
Commit 6 at Thu Jul 23 03:44:00 UTC 2026
Commit 7 at Thu Jul 23 03:44:05 UTC 2026
Commit 8 at Thu Jul 23 03:44:10 UTC 2026
Commit 9 at Thu Jul 23 03:44:17 UTC 2026
Commit 10 at Thu Jul 23 03:44:24 UTC 2026
Commit 11 at Thu Jul 23 03:44:33 UTC 2026
Commit 12 at Thu Jul 23 03:44:38 UTC 2026
Commit 13 at Thu Jul 23 03:44:39 UTC 2026
Commit 14 at Thu Jul 23 03:44:43 UTC 2026
Commit 15 at Thu Jul 23 03:44:52 UTC 2026
Commit 1 at Thu Jul 23 06:39:39 UTC 2026
Commit 2 at Thu Jul 23 06:39:43 UTC 2026
Commit 3 at Thu Jul 23 06:39:46 UTC 2026
Commit 4 at Thu Jul 23 06:39:55 UTC 2026
Commit 5 at Thu Jul 23 06:39:57 UTC 2026
Commit 6 at Thu Jul 23 06:40:06 UTC 2026
Commit 7 at Thu Jul 23 06:40:10 UTC 2026
Commit 8 at Thu Jul 23 06:40:13 UTC 2026
Commit 9 at Thu Jul 23 06:40:21 UTC 2026
Commit 10 at Thu Jul 23 06:40:26 UTC 2026
Commit 11 at Thu Jul 23 06:40:31 UTC 2026
Commit 1 at Thu Jul 23 10:34:21 UTC 2026
Commit 2 at Thu Jul 23 10:34:26 UTC 2026
Commit 3 at Thu Jul 23 10:34:31 UTC 2026
Commit 4 at Thu Jul 23 10:34:38 UTC 2026
Commit 5 at Thu Jul 23 10:34:43 UTC 2026
Commit 6 at Thu Jul 23 10:34:51 UTC 2026
Commit 7 at Thu Jul 23 10:34:58 UTC 2026
Commit 8 at Thu Jul 23 10:35:06 UTC 2026
Commit 9 at Thu Jul 23 10:35:11 UTC 2026
Commit 10 at Thu Jul 23 10:35:18 UTC 2026
Commit 11 at Thu Jul 23 10:35:23 UTC 2026
Commit 12 at Thu Jul 23 10:35:27 UTC 2026
Commit 13 at Thu Jul 23 10:35:33 UTC 2026
Commit 14 at Thu Jul 23 10:35:41 UTC 2026
Commit 1 at Thu Jul 23 14:30:13 UTC 2026
Commit 2 at Thu Jul 23 14:30:22 UTC 2026
Commit 3 at Thu Jul 23 14:30:23 UTC 2026
Commit 4 at Thu Jul 23 14:30:26 UTC 2026
Commit 5 at Thu Jul 23 14:30:26 UTC 2026
Commit 6 at Thu Jul 23 14:30:30 UTC 2026
Commit 7 at Thu Jul 23 14:30:37 UTC 2026
Commit 1 at Thu Jul 23 17:44:58 UTC 2026
Commit 1 at Thu Jul 23 21:20:37 UTC 2026
Commit 2 at Thu Jul 23 21:20:37 UTC 2026
Commit 3 at Thu Jul 23 21:20:45 UTC 2026
Commit 1 at Fri Jul 24 03:42:55 UTC 2026
Commit 2 at Fri Jul 24 03:43:04 UTC 2026
Commit 3 at Fri Jul 24 03:43:12 UTC 2026
Commit 4 at Fri Jul 24 03:43:14 UTC 2026
Commit 5 at Fri Jul 24 03:43:15 UTC 2026
Commit 6 at Fri Jul 24 03:43:18 UTC 2026
Commit 1 at Fri Jul 24 06:38:57 UTC 2026
Commit 2 at Fri Jul 24 06:38:57 UTC 2026
Commit 3 at Fri Jul 24 06:39:06 UTC 2026
Commit 1 at Fri Jul 24 10:27:47 UTC 2026
Commit 2 at Fri Jul 24 10:27:48 UTC 2026
Commit 1 at Fri Jul 24 14:11:30 UTC 2026
Commit 2 at Fri Jul 24 14:11:35 UTC 2026
Commit 3 at Fri Jul 24 14:11:35 UTC 2026
Commit 4 at Fri Jul 24 14:11:42 UTC 2026
Commit 1 at Fri Jul 24 17:51:03 UTC 2026
Commit 2 at Fri Jul 24 17:51:05 UTC 2026
Commit 3 at Fri Jul 24 17:51:06 UTC 2026
Commit 4 at Fri Jul 24 17:51:07 UTC 2026
Commit 1 at Fri Jul 24 21:19:51 UTC 2026
Commit 2 at Fri Jul 24 21:19:55 UTC 2026
Commit 3 at Fri Jul 24 21:19:59 UTC 2026
Commit 4 at Fri Jul 24 21:20:04 UTC 2026
Commit 5 at Fri Jul 24 21:20:06 UTC 2026
Commit 6 at Fri Jul 24 21:20:08 UTC 2026
Commit 7 at Fri Jul 24 21:20:15 UTC 2026
Commit 8 at Fri Jul 24 21:20:19 UTC 2026
Commit 9 at Fri Jul 24 21:20:20 UTC 2026
Commit 10 at Fri Jul 24 21:20:27 UTC 2026
Commit 1 at Sat Jul 25 03:35:42 UTC 2026
Commit 1 at Sat Jul 25 06:28:21 UTC 2026
Commit 2 at Sat Jul 25 06:28:26 UTC 2026
Commit 3 at Sat Jul 25 06:28:31 UTC 2026
Commit 4 at Sat Jul 25 06:28:35 UTC 2026
Commit 5 at Sat Jul 25 06:28:35 UTC 2026
Commit 6 at Sat Jul 25 06:28:39 UTC 2026
Commit 7 at Sat Jul 25 06:28:39 UTC 2026
Commit 8 at Sat Jul 25 06:28:46 UTC 2026
Commit 9 at Sat Jul 25 06:28:53 UTC 2026
Commit 1 at Sat Jul 25 09:59:20 UTC 2026
Commit 2 at Sat Jul 25 09:59:27 UTC 2026
Commit 3 at Sat Jul 25 09:59:27 UTC 2026
Commit 4 at Sat Jul 25 09:59:27 UTC 2026
Commit 5 at Sat Jul 25 09:59:34 UTC 2026
Commit 6 at Sat Jul 25 09:59:34 UTC 2026
Commit 7 at Sat Jul 25 09:59:38 UTC 2026
Commit 8 at Sat Jul 25 09:59:42 UTC 2026
Commit 9 at Sat Jul 25 09:59:42 UTC 2026
Commit 10 at Sat Jul 25 09:59:50 UTC 2026
Commit 1 at Sat Jul 25 14:01:16 UTC 2026
Commit 2 at Sat Jul 25 14:01:17 UTC 2026
Commit 3 at Sat Jul 25 14:01:23 UTC 2026
Commit 4 at Sat Jul 25 14:01:31 UTC 2026
Commit 5 at Sat Jul 25 14:01:32 UTC 2026
Commit 1 at Sat Jul 25 17:13:56 UTC 2026
Commit 2 at Sat Jul 25 17:13:59 UTC 2026
Commit 3 at Sat Jul 25 17:14:00 UTC 2026
Commit 4 at Sat Jul 25 17:14:04 UTC 2026
Commit 5 at Sat Jul 25 17:14:04 UTC 2026
Commit 6 at Sat Jul 25 17:14:05 UTC 2026
Commit 7 at Sat Jul 25 17:14:11 UTC 2026
Commit 8 at Sat Jul 25 17:14:12 UTC 2026
Commit 9 at Sat Jul 25 17:14:14 UTC 2026
Commit 10 at Sat Jul 25 17:14:22 UTC 2026
Commit 11 at Sat Jul 25 17:14:29 UTC 2026
Commit 1 at Sat Jul 25 21:08:07 UTC 2026
Commit 2 at Sat Jul 25 21:08:07 UTC 2026
Commit 1 at Sun Jul 26 03:54:31 UTC 2026
Commit 2 at Sun Jul 26 03:54:39 UTC 2026
Commit 3 at Sun Jul 26 03:54:43 UTC 2026
Commit 4 at Sun Jul 26 03:54:48 UTC 2026
Commit 5 at Sun Jul 26 03:54:54 UTC 2026
Commit 6 at Sun Jul 26 03:55:00 UTC 2026
Commit 7 at Sun Jul 26 03:55:07 UTC 2026
Commit 8 at Sun Jul 26 03:55:07 UTC 2026
Commit 9 at Sun Jul 26 03:55:12 UTC 2026
Commit 10 at Sun Jul 26 03:55:17 UTC 2026
Commit 11 at Sun Jul 26 03:55:18 UTC 2026
Commit 12 at Sun Jul 26 03:55:19 UTC 2026
Commit 13 at Sun Jul 26 03:55:19 UTC 2026
Commit 1 at Sun Jul 26 06:48:13 UTC 2026
Commit 2 at Sun Jul 26 06:48:20 UTC 2026
Commit 3 at Sun Jul 26 06:48:21 UTC 2026
Commit 4 at Sun Jul 26 06:48:28 UTC 2026
Commit 5 at Sun Jul 26 06:48:33 UTC 2026
Commit 6 at Sun Jul 26 06:48:34 UTC 2026
Commit 7 at Sun Jul 26 06:48:41 UTC 2026
Commit 8 at Sun Jul 26 06:48:49 UTC 2026
Commit 9 at Sun Jul 26 06:48:52 UTC 2026
Commit 1 at Sun Jul 26 10:12:40 UTC 2026
Commit 2 at Sun Jul 26 10:12:48 UTC 2026
Commit 3 at Sun Jul 26 10:12:49 UTC 2026
Commit 1 at Sun Jul 26 13:55:34 UTC 2026
Commit 2 at Sun Jul 26 13:55:39 UTC 2026
Commit 3 at Sun Jul 26 13:55:41 UTC 2026
Commit 4 at Sun Jul 26 13:55:48 UTC 2026
Commit 5 at Sun Jul 26 13:55:56 UTC 2026
Commit 6 at Sun Jul 26 13:55:57 UTC 2026
Commit 7 at Sun Jul 26 13:56:03 UTC 2026
Commit 8 at Sun Jul 26 13:56:09 UTC 2026
Commit 9 at Sun Jul 26 13:56:15 UTC 2026
Commit 10 at Sun Jul 26 13:56:23 UTC 2026
Commit 1 at Sun Jul 26 17:14:31 UTC 2026
Commit 2 at Sun Jul 26 17:14:37 UTC 2026
Commit 3 at Sun Jul 26 17:14:39 UTC 2026
Commit 4 at Sun Jul 26 17:14:44 UTC 2026
Commit 5 at Sun Jul 26 17:14:48 UTC 2026
Commit 6 at Sun Jul 26 17:14:52 UTC 2026
Commit 7 at Sun Jul 26 17:14:56 UTC 2026
Commit 8 at Sun Jul 26 17:14:58 UTC 2026
Commit 9 at Sun Jul 26 17:15:03 UTC 2026
Commit 10 at Sun Jul 26 17:15:04 UTC 2026
Commit 11 at Sun Jul 26 17:15:09 UTC 2026
Commit 12 at Sun Jul 26 17:15:11 UTC 2026
Commit 13 at Sun Jul 26 17:15:17 UTC 2026
Commit 1 at Sun Jul 26 21:10:57 UTC 2026
Commit 1 at Mon Jul 27 04:01:46 UTC 2026
Commit 2 at Mon Jul 27 04:01:50 UTC 2026
Commit 3 at Mon Jul 27 04:01:52 UTC 2026
Commit 4 at Mon Jul 27 04:01:53 UTC 2026
Commit 1 at Mon Jul 27 07:49:26 UTC 2026
Commit 2 at Mon Jul 27 07:49:28 UTC 2026
Commit 3 at Mon Jul 27 07:49:28 UTC 2026
Commit 4 at Mon Jul 27 07:49:29 UTC 2026
Commit 5 at Mon Jul 27 07:49:29 UTC 2026
Commit 6 at Mon Jul 27 07:49:32 UTC 2026
Commit 7 at Mon Jul 27 07:49:35 UTC 2026
Commit 8 at Mon Jul 27 07:49:37 UTC 2026
Commit 1 at Mon Jul 27 11:37:45 UTC 2026
Commit 2 at Mon Jul 27 11:37:46 UTC 2026
Commit 3 at Mon Jul 27 11:37:50 UTC 2026
Commit 4 at Mon Jul 27 11:37:53 UTC 2026
Commit 5 at Mon Jul 27 11:37:53 UTC 2026
Commit 6 at Mon Jul 27 11:37:59 UTC 2026
Commit 1 at Mon Jul 27 15:12:22 UTC 2026
Commit 2 at Mon Jul 27 15:12:25 UTC 2026
Commit 3 at Mon Jul 27 15:12:28 UTC 2026
Commit 4 at Mon Jul 27 15:12:32 UTC 2026
Commit 5 at Mon Jul 27 15:12:32 UTC 2026
Commit 6 at Mon Jul 27 15:12:41 UTC 2026
Commit 7 at Mon Jul 27 15:12:41 UTC 2026
Commit 8 at Mon Jul 27 15:12:45 UTC 2026
Commit 9 at Mon Jul 27 15:12:54 UTC 2026
Commit 10 at Mon Jul 27 15:13:01 UTC 2026
Commit 11 at Mon Jul 27 15:13:02 UTC 2026
Commit 12 at Mon Jul 27 15:13:04 UTC 2026
Commit 13 at Mon Jul 27 15:13:07 UTC 2026
Commit 1 at Mon Jul 27 17:54:34 UTC 2026
Commit 2 at Mon Jul 27 17:54:37 UTC 2026
Commit 3 at Mon Jul 27 17:54:39 UTC 2026
Commit 4 at Mon Jul 27 17:54:44 UTC 2026
Commit 5 at Mon Jul 27 17:54:53 UTC 2026
Commit 6 at Mon Jul 27 17:55:01 UTC 2026
Commit 7 at Mon Jul 27 17:55:10 UTC 2026
Commit 8 at Mon Jul 27 17:55:16 UTC 2026
Commit 9 at Mon Jul 27 17:55:17 UTC 2026
Commit 10 at Mon Jul 27 17:55:20 UTC 2026
Commit 11 at Mon Jul 27 17:55:25 UTC 2026
Commit 12 at Mon Jul 27 17:55:34 UTC 2026
Commit 13 at Mon Jul 27 17:55:36 UTC 2026
Commit 1 at Mon Jul 27 21:29:06 UTC 2026
Commit 2 at Mon Jul 27 21:29:15 UTC 2026
Commit 3 at Mon Jul 27 21:29:22 UTC 2026
Commit 4 at Mon Jul 27 21:29:24 UTC 2026
Commit 5 at Mon Jul 27 21:29:28 UTC 2026
Commit 6 at Mon Jul 27 21:29:33 UTC 2026
Commit 7 at Mon Jul 27 21:29:42 UTC 2026
Commit 8 at Mon Jul 27 21:29:44 UTC 2026
Commit 9 at Mon Jul 27 21:29:49 UTC 2026
Commit 10 at Mon Jul 27 21:29:58 UTC 2026
Commit 1 at Tue Jul 28 03:33:58 UTC 2026
Commit 2 at Tue Jul 28 03:33:59 UTC 2026
Commit 3 at Tue Jul 28 03:34:01 UTC 2026
Commit 4 at Tue Jul 28 03:34:09 UTC 2026
Commit 5 at Tue Jul 28 03:34:18 UTC 2026
Commit 6 at Tue Jul 28 03:34:25 UTC 2026
Commit 7 at Tue Jul 28 03:34:29 UTC 2026
Commit 8 at Tue Jul 28 03:34:35 UTC 2026
Commit 9 at Tue Jul 28 03:34:40 UTC 2026
Commit 10 at Tue Jul 28 03:34:46 UTC 2026
Commit 1 at Tue Jul 28 06:39:27 UTC 2026
Commit 2 at Tue Jul 28 06:39:35 UTC 2026
Commit 3 at Tue Jul 28 06:39:42 UTC 2026
Commit 4 at Tue Jul 28 06:39:52 UTC 2026
Commit 5 at Tue Jul 28 06:39:57 UTC 2026
Commit 6 at Tue Jul 28 06:39:57 UTC 2026
Commit 7 at Tue Jul 28 06:40:04 UTC 2026
Commit 8 at Tue Jul 28 06:40:08 UTC 2026
Commit 9 at Tue Jul 28 06:40:12 UTC 2026
Commit 10 at Tue Jul 28 06:40:13 UTC 2026
Commit 11 at Tue Jul 28 06:40:21 UTC 2026
Commit 1 at Tue Jul 28 10:44:43 UTC 2026
Commit 2 at Tue Jul 28 10:44:44 UTC 2026
Commit 3 at Tue Jul 28 10:44:53 UTC 2026
Commit 4 at Tue Jul 28 10:45:00 UTC 2026
Commit 5 at Tue Jul 28 10:45:02 UTC 2026
Commit 6 at Tue Jul 28 10:45:05 UTC 2026
Commit 7 at Tue Jul 28 10:45:12 UTC 2026
Commit 8 at Tue Jul 28 10:45:18 UTC 2026
Commit 9 at Tue Jul 28 10:45:20 UTC 2026
Commit 1 at Tue Jul 28 14:36:10 UTC 2026
Commit 2 at Tue Jul 28 14:36:17 UTC 2026
Commit 3 at Tue Jul 28 14:36:17 UTC 2026
Commit 4 at Tue Jul 28 14:36:25 UTC 2026
Commit 5 at Tue Jul 28 14:36:28 UTC 2026
Commit 6 at Tue Jul 28 14:36:35 UTC 2026
Commit 7 at Tue Jul 28 14:36:40 UTC 2026
Commit 8 at Tue Jul 28 14:36:48 UTC 2026
Commit 9 at Tue Jul 28 14:36:50 UTC 2026
Commit 10 at Tue Jul 28 14:36:59 UTC 2026
Commit 11 at Tue Jul 28 14:37:02 UTC 2026
Commit 12 at Tue Jul 28 14:37:09 UTC 2026
Commit 1 at Tue Jul 28 17:44:46 UTC 2026
Commit 2 at Tue Jul 28 17:44:54 UTC 2026
Commit 3 at Tue Jul 28 17:44:59 UTC 2026
Commit 4 at Tue Jul 28 17:45:05 UTC 2026
Commit 5 at Tue Jul 28 17:45:07 UTC 2026
Commit 6 at Tue Jul 28 17:45:07 UTC 2026
Commit 7 at Tue Jul 28 17:45:15 UTC 2026
Commit 8 at Tue Jul 28 17:45:23 UTC 2026
Commit 1 at Tue Jul 28 21:31:02 UTC 2026
Commit 2 at Tue Jul 28 21:31:03 UTC 2026
Commit 3 at Tue Jul 28 21:31:03 UTC 2026
Commit 4 at Tue Jul 28 21:31:08 UTC 2026
Commit 5 at Tue Jul 28 21:31:14 UTC 2026
Commit 6 at Tue Jul 28 21:31:19 UTC 2026
Commit 7 at Tue Jul 28 21:31:26 UTC 2026
Commit 8 at Tue Jul 28 21:31:29 UTC 2026
Commit 9 at Tue Jul 28 21:31:38 UTC 2026
Commit 10 at Tue Jul 28 21:31:42 UTC 2026
Commit 11 at Tue Jul 28 21:31:42 UTC 2026
Commit 12 at Tue Jul 28 21:31:44 UTC 2026
Commit 13 at Tue Jul 28 21:31:48 UTC 2026
Commit 1 at Wed Jul 29 03:37:39 UTC 2026
Commit 2 at Wed Jul 29 03:37:45 UTC 2026
Commit 3 at Wed Jul 29 03:37:52 UTC 2026
Commit 4 at Wed Jul 29 03:37:53 UTC 2026
Commit 5 at Wed Jul 29 03:37:58 UTC 2026
Commit 6 at Wed Jul 29 03:38:03 UTC 2026
Commit 7 at Wed Jul 29 03:38:12 UTC 2026
Commit 1 at Wed Jul 29 06:44:13 UTC 2026
Commit 2 at Wed Jul 29 06:44:22 UTC 2026
Commit 3 at Wed Jul 29 06:44:28 UTC 2026
Commit 4 at Wed Jul 29 06:44:35 UTC 2026
Commit 5 at Wed Jul 29 06:44:44 UTC 2026
Commit 6 at Wed Jul 29 06:44:53 UTC 2026
Commit 7 at Wed Jul 29 06:44:58 UTC 2026
Commit 8 at Wed Jul 29 06:45:01 UTC 2026
Commit 9 at Wed Jul 29 06:45:01 UTC 2026
Commit 10 at Wed Jul 29 06:45:10 UTC 2026
Commit 11 at Wed Jul 29 06:45:12 UTC 2026
Commit 12 at Wed Jul 29 06:45:14 UTC 2026
Commit 1 at Wed Jul 29 10:48:23 UTC 2026
Commit 2 at Wed Jul 29 10:48:29 UTC 2026
Commit 3 at Wed Jul 29 10:48:30 UTC 2026
Commit 4 at Wed Jul 29 10:48:33 UTC 2026
Commit 5 at Wed Jul 29 10:48:38 UTC 2026
Commit 6 at Wed Jul 29 10:48:38 UTC 2026
Commit 7 at Wed Jul 29 10:48:40 UTC 2026
Commit 8 at Wed Jul 29 10:48:45 UTC 2026
Commit 9 at Wed Jul 29 10:48:46 UTC 2026
Commit 10 at Wed Jul 29 10:48:46 UTC 2026
Commit 11 at Wed Jul 29 10:48:47 UTC 2026
Commit 12 at Wed Jul 29 10:48:50 UTC 2026
Commit 1 at Wed Jul 29 14:30:28 UTC 2026
Commit 2 at Wed Jul 29 14:30:28 UTC 2026
Commit 3 at Wed Jul 29 14:30:36 UTC 2026
Commit 4 at Wed Jul 29 14:30:40 UTC 2026
Commit 5 at Wed Jul 29 14:30:47 UTC 2026
Commit 6 at Wed Jul 29 14:30:56 UTC 2026
Commit 7 at Wed Jul 29 14:30:57 UTC 2026
Commit 1 at Wed Jul 29 17:37:33 UTC 2026
Commit 2 at Wed Jul 29 17:37:33 UTC 2026
Commit 3 at Wed Jul 29 17:37:33 UTC 2026
Commit 1 at Wed Jul 29 21:11:34 UTC 2026
Commit 2 at Wed Jul 29 21:11:43 UTC 2026
Commit 3 at Wed Jul 29 21:11:53 UTC 2026
Commit 4 at Wed Jul 29 21:11:58 UTC 2026
Commit 5 at Wed Jul 29 21:12:02 UTC 2026
Commit 6 at Wed Jul 29 21:12:10 UTC 2026
Commit 1 at Thu Jul 30 03:27:03 UTC 2026
Commit 2 at Thu Jul 30 03:27:09 UTC 2026
Commit 3 at Thu Jul 30 03:27:09 UTC 2026
Commit 4 at Thu Jul 30 03:27:09 UTC 2026
Commit 5 at Thu Jul 30 03:27:09 UTC 2026
Commit 6 at Thu Jul 30 03:27:17 UTC 2026
Commit 7 at Thu Jul 30 03:27:21 UTC 2026
Commit 8 at Thu Jul 30 03:27:21 UTC 2026
Commit 9 at Thu Jul 30 03:27:29 UTC 2026
Commit 10 at Thu Jul 30 03:27:29 UTC 2026
Commit 11 at Thu Jul 30 03:27:36 UTC 2026
Commit 12 at Thu Jul 30 03:27:36 UTC 2026
Commit 13 at Thu Jul 30 03:27:37 UTC 2026
Commit 14 at Thu Jul 30 03:27:45 UTC 2026
Commit 15 at Thu Jul 30 03:27:48 UTC 2026
Commit 1 at Thu Jul 30 06:40:39 UTC 2026
Commit 2 at Thu Jul 30 06:40:44 UTC 2026
Commit 3 at Thu Jul 30 06:40:51 UTC 2026
Commit 4 at Thu Jul 30 06:40:54 UTC 2026
Commit 5 at Thu Jul 30 06:41:01 UTC 2026
Commit 6 at Thu Jul 30 06:41:10 UTC 2026
Commit 7 at Thu Jul 30 06:41:17 UTC 2026
Commit 8 at Thu Jul 30 06:41:22 UTC 2026
Commit 9 at Thu Jul 30 06:41:27 UTC 2026
Commit 10 at Thu Jul 30 06:41:29 UTC 2026
Commit 1 at Thu Jul 30 10:33:19 UTC 2026
Commit 2 at Thu Jul 30 10:33:20 UTC 2026
Commit 3 at Thu Jul 30 10:33:23 UTC 2026
Commit 4 at Thu Jul 30 10:33:23 UTC 2026
Commit 5 at Thu Jul 30 10:33:27 UTC 2026
Commit 6 at Thu Jul 30 10:33:32 UTC 2026
Commit 1 at Thu Jul 30 14:31:07 UTC 2026
Commit 2 at Thu Jul 30 14:31:12 UTC 2026
Commit 3 at Thu Jul 30 14:31:16 UTC 2026
Commit 4 at Thu Jul 30 14:31:19 UTC 2026
Commit 5 at Thu Jul 30 14:31:22 UTC 2026
Commit 6 at Thu Jul 30 14:31:22 UTC 2026
Commit 7 at Thu Jul 30 14:31:27 UTC 2026
Commit 8 at Thu Jul 30 14:31:35 UTC 2026
Commit 9 at Thu Jul 30 14:31:43 UTC 2026
Commit 10 at Thu Jul 30 14:31:46 UTC 2026
Commit 11 at Thu Jul 30 14:31:46 UTC 2026
Commit 12 at Thu Jul 30 14:31:47 UTC 2026
Commit 1 at Thu Jul 30 17:47:18 UTC 2026
Commit 2 at Thu Jul 30 17:47:20 UTC 2026
Commit 3 at Thu Jul 30 17:47:22 UTC 2026
Commit 4 at Thu Jul 30 17:47:26 UTC 2026
Commit 5 at Thu Jul 30 17:47:28 UTC 2026
Commit 6 at Thu Jul 30 17:47:35 UTC 2026
Commit 7 at Thu Jul 30 17:47:39 UTC 2026
Commit 8 at Thu Jul 30 17:47:48 UTC 2026
Commit 9 at Thu Jul 30 17:47:52 UTC 2026
Commit 10 at Thu Jul 30 17:47:55 UTC 2026
Commit 11 at Thu Jul 30 17:48:02 UTC 2026
Commit 12 at Thu Jul 30 17:48:03 UTC 2026
Commit 13 at Thu Jul 30 17:48:10 UTC 2026
Commit 1 at Thu Jul 30 21:30:39 UTC 2026
Commit 2 at Thu Jul 30 21:30:40 UTC 2026
Commit 3 at Thu Jul 30 21:30:49 UTC 2026
Commit 4 at Thu Jul 30 21:30:58 UTC 2026
Commit 5 at Thu Jul 30 21:30:59 UTC 2026
Commit 6 at Thu Jul 30 21:31:02 UTC 2026
Commit 7 at Thu Jul 30 21:31:10 UTC 2026
Commit 1 at Fri Jul 31 03:48:30 UTC 2026
Commit 2 at Fri Jul 31 03:48:38 UTC 2026
Commit 3 at Fri Jul 31 03:48:42 UTC 2026
Commit 4 at Fri Jul 31 03:48:46 UTC 2026
Commit 5 at Fri Jul 31 03:48:52 UTC 2026
Commit 6 at Fri Jul 31 03:48:57 UTC 2026
Commit 7 at Fri Jul 31 03:49:03 UTC 2026
Commit 8 at Fri Jul 31 03:49:04 UTC 2026
Commit 1 at Fri Jul 31 07:13:07 UTC 2026
Commit 2 at Fri Jul 31 07:13:12 UTC 2026
Commit 3 at Fri Jul 31 07:13:15 UTC 2026
Commit 1 at Fri Jul 31 10:50:22 UTC 2026
Commit 1 at Fri Jul 31 14:33:51 UTC 2026
Commit 2 at Fri Jul 31 14:33:53 UTC 2026
Commit 3 at Fri Jul 31 14:33:54 UTC 2026
Commit 1 at Fri Jul 31 17:51:15 UTC 2026
Commit 2 at Fri Jul 31 17:51:21 UTC 2026
Commit 3 at Fri Jul 31 17:51:29 UTC 2026
Commit 4 at Fri Jul 31 17:51:38 UTC 2026
Commit 5 at Fri Jul 31 17:51:41 UTC 2026
Commit 6 at Fri Jul 31 17:51:50 UTC 2026
Commit 7 at Fri Jul 31 17:51:59 UTC 2026
Commit 8 at Fri Jul 31 17:52:07 UTC 2026
Commit 9 at Fri Jul 31 17:52:11 UTC 2026
Commit 1 at Fri Jul 31 21:21:06 UTC 2026
Commit 2 at Fri Jul 31 21:21:08 UTC 2026
Commit 3 at Fri Jul 31 21:21:11 UTC 2026
Commit 4 at Fri Jul 31 21:21:15 UTC 2026
Commit 5 at Fri Jul 31 21:21:21 UTC 2026
Commit 6 at Fri Jul 31 21:21:25 UTC 2026
Commit 7 at Fri Jul 31 21:21:26 UTC 2026
Commit 8 at Fri Jul 31 21:21:35 UTC 2026
Commit 9 at Fri Jul 31 21:21:41 UTC 2026
Commit 10 at Fri Jul 31 21:21:49 UTC 2026
Commit 11 at Fri Jul 31 21:21:53 UTC 2026
Commit 12 at Fri Jul 31 21:21:55 UTC 2026
Commit 13 at Fri Jul 31 21:22:04 UTC 2026
Commit 1 at Sat Aug  1 03:48:35 UTC 2026
Commit 1 at Sat Aug  1 06:39:55 UTC 2026
Commit 2 at Sat Aug  1 06:39:58 UTC 2026
Commit 3 at Sat Aug  1 06:40:04 UTC 2026
Commit 4 at Sat Aug  1 06:40:08 UTC 2026
Commit 5 at Sat Aug  1 06:40:17 UTC 2026
Commit 6 at Sat Aug  1 06:40:26 UTC 2026
Commit 7 at Sat Aug  1 06:40:26 UTC 2026
Commit 8 at Sat Aug  1 06:40:30 UTC 2026
Commit 9 at Sat Aug  1 06:40:36 UTC 2026
Commit 10 at Sat Aug  1 06:40:39 UTC 2026
Commit 11 at Sat Aug  1 06:40:48 UTC 2026
Commit 12 at Sat Aug  1 06:40:57 UTC 2026
Commit 13 at Sat Aug  1 06:41:04 UTC 2026
Commit 14 at Sat Aug  1 06:41:10 UTC 2026
Commit 15 at Sat Aug  1 06:41:10 UTC 2026
Commit 1 at Sat Aug  1 10:09:05 UTC 2026
Commit 2 at Sat Aug  1 10:09:14 UTC 2026
Commit 3 at Sat Aug  1 10:09:21 UTC 2026
Commit 4 at Sat Aug  1 10:09:27 UTC 2026
Commit 5 at Sat Aug  1 10:09:31 UTC 2026
Commit 6 at Sat Aug  1 10:09:38 UTC 2026
Commit 7 at Sat Aug  1 10:09:47 UTC 2026
Commit 8 at Sat Aug  1 10:09:55 UTC 2026
Commit 9 at Sat Aug  1 10:09:58 UTC 2026
Commit 1 at Sat Aug  1 13:54:14 UTC 2026
Commit 2 at Sat Aug  1 13:54:21 UTC 2026
Commit 3 at Sat Aug  1 13:54:21 UTC 2026
Commit 4 at Sat Aug  1 13:54:24 UTC 2026
Commit 1 at Sat Aug  1 17:13:54 UTC 2026
Commit 2 at Sat Aug  1 17:13:58 UTC 2026
Commit 3 at Sat Aug  1 17:14:07 UTC 2026
Commit 4 at Sat Aug  1 17:14:14 UTC 2026
Commit 5 at Sat Aug  1 17:14:16 UTC 2026
Commit 6 at Sat Aug  1 17:14:22 UTC 2026
Commit 7 at Sat Aug  1 17:14:26 UTC 2026
Commit 8 at Sat Aug  1 17:14:26 UTC 2026
Commit 9 at Sat Aug  1 17:14:35 UTC 2026
Commit 10 at Sat Aug  1 17:14:44 UTC 2026
Commit 11 at Sat Aug  1 17:14:52 UTC 2026
Commit 1 at Sat Aug  1 21:08:36 UTC 2026
Commit 2 at Sat Aug  1 21:08:45 UTC 2026
Commit 3 at Sat Aug  1 21:08:48 UTC 2026
Commit 4 at Sat Aug  1 21:08:55 UTC 2026
Commit 5 at Sat Aug  1 21:09:00 UTC 2026
Commit 6 at Sat Aug  1 21:09:00 UTC 2026
Commit 1 at Sun Aug  2 03:51:33 UTC 2026
Commit 2 at Sun Aug  2 03:51:36 UTC 2026
Commit 3 at Sun Aug  2 03:51:40 UTC 2026
Commit 4 at Sun Aug  2 03:51:42 UTC 2026
Commit 5 at Sun Aug  2 03:51:51 UTC 2026
Commit 6 at Sun Aug  2 03:51:58 UTC 2026
Commit 7 at Sun Aug  2 03:52:00 UTC 2026
Commit 8 at Sun Aug  2 03:52:03 UTC 2026
Commit 9 at Sun Aug  2 03:52:08 UTC 2026
Commit 1 at Sun Aug  2 06:44:21 UTC 2026
Commit 2 at Sun Aug  2 06:44:29 UTC 2026
Commit 3 at Sun Aug  2 06:44:29 UTC 2026
Commit 4 at Sun Aug  2 06:44:36 UTC 2026
Commit 5 at Sun Aug  2 06:44:39 UTC 2026
Commit 6 at Sun Aug  2 06:44:45 UTC 2026
Commit 7 at Sun Aug  2 06:44:50 UTC 2026
Commit 1 at Sun Aug  2 10:06:51 UTC 2026
Commit 2 at Sun Aug  2 10:06:58 UTC 2026
Commit 3 at Sun Aug  2 10:07:07 UTC 2026
Commit 4 at Sun Aug  2 10:07:16 UTC 2026
Commit 5 at Sun Aug  2 10:07:25 UTC 2026
Commit 6 at Sun Aug  2 10:07:27 UTC 2026
Commit 7 at Sun Aug  2 10:07:28 UTC 2026
Commit 1 at Sun Aug  2 13:53:06 UTC 2026
Commit 2 at Sun Aug  2 13:53:06 UTC 2026
Commit 3 at Sun Aug  2 13:53:10 UTC 2026
Commit 1 at Sun Aug  2 17:14:23 UTC 2026
Commit 2 at Sun Aug  2 17:14:31 UTC 2026
Commit 3 at Sun Aug  2 17:14:33 UTC 2026
Commit 4 at Sun Aug  2 17:14:39 UTC 2026
Commit 5 at Sun Aug  2 17:14:42 UTC 2026
Commit 6 at Sun Aug  2 17:14:44 UTC 2026
Commit 7 at Sun Aug  2 17:14:44 UTC 2026
Commit 8 at Sun Aug  2 17:14:51 UTC 2026
Commit 9 at Sun Aug  2 17:14:53 UTC 2026
Commit 10 at Sun Aug  2 17:15:00 UTC 2026
Commit 11 at Sun Aug  2 17:15:07 UTC 2026
Commit 12 at Sun Aug  2 17:15:15 UTC 2026
Commit 13 at Sun Aug  2 17:15:21 UTC 2026
Commit 1 at Sun Aug  2 21:09:30 UTC 2026
Commit 2 at Sun Aug  2 21:09:35 UTC 2026
Commit 3 at Sun Aug  2 21:09:44 UTC 2026
Commit 4 at Sun Aug  2 21:09:51 UTC 2026
Commit 5 at Sun Aug  2 21:09:52 UTC 2026
Commit 6 at Sun Aug  2 21:10:01 UTC 2026
Commit 7 at Sun Aug  2 21:10:09 UTC 2026
Commit 8 at Sun Aug  2 21:10:12 UTC 2026
Commit 9 at Sun Aug  2 21:10:20 UTC 2026
Commit 10 at Sun Aug  2 21:10:20 UTC 2026
Commit 11 at Sun Aug  2 21:10:23 UTC 2026
Commit 12 at Sun Aug  2 21:10:29 UTC 2026
Commit 1 at Mon Aug  3 03:53:29 UTC 2026
Commit 2 at Mon Aug  3 03:53:34 UTC 2026
Commit 3 at Mon Aug  3 03:53:42 UTC 2026
Commit 4 at Mon Aug  3 03:53:42 UTC 2026
Commit 5 at Mon Aug  3 03:53:45 UTC 2026
Commit 6 at Mon Aug  3 03:53:47 UTC 2026
Commit 7 at Mon Aug  3 03:53:54 UTC 2026
Commit 8 at Mon Aug  3 03:53:56 UTC 2026
Commit 9 at Mon Aug  3 03:53:59 UTC 2026
Commit 10 at Mon Aug  3 03:54:02 UTC 2026
Commit 11 at Mon Aug  3 03:54:05 UTC 2026
Commit 12 at Mon Aug  3 03:54:07 UTC 2026
Commit 13 at Mon Aug  3 03:54:10 UTC 2026
Commit 1 at Mon Aug  3 07:45:09 UTC 2026
Commit 2 at Mon Aug  3 07:45:17 UTC 2026
Commit 3 at Mon Aug  3 07:45:26 UTC 2026
Commit 4 at Mon Aug  3 07:45:26 UTC 2026
Commit 5 at Mon Aug  3 07:45:28 UTC 2026
Commit 6 at Mon Aug  3 07:45:36 UTC 2026
Commit 7 at Mon Aug  3 07:45:36 UTC 2026
Commit 8 at Mon Aug  3 07:45:41 UTC 2026
Commit 9 at Mon Aug  3 07:45:44 UTC 2026
Commit 10 at Mon Aug  3 07:45:50 UTC 2026
Commit 11 at Mon Aug  3 07:45:56 UTC 2026
Commit 12 at Mon Aug  3 07:45:58 UTC 2026
Commit 13 at Mon Aug  3 07:46:00 UTC 2026
Commit 1 at Mon Aug  3 11:42:46 UTC 2026
Commit 2 at Mon Aug  3 11:42:54 UTC 2026
Commit 3 at Mon Aug  3 11:43:01 UTC 2026
Commit 4 at Mon Aug  3 11:43:02 UTC 2026
Commit 5 at Mon Aug  3 11:43:09 UTC 2026
Commit 6 at Mon Aug  3 11:43:11 UTC 2026
Commit 7 at Mon Aug  3 11:43:13 UTC 2026
Commit 8 at Mon Aug  3 11:43:20 UTC 2026
Commit 9 at Mon Aug  3 11:43:24 UTC 2026
Commit 10 at Mon Aug  3 11:43:30 UTC 2026
Commit 11 at Mon Aug  3 11:43:39 UTC 2026
Commit 12 at Mon Aug  3 11:43:46 UTC 2026
Commit 13 at Mon Aug  3 11:43:53 UTC 2026
Commit 14 at Mon Aug  3 11:44:00 UTC 2026
Commit 15 at Mon Aug  3 11:44:08 UTC 2026
Commit 1 at Mon Aug  3 15:15:07 UTC 2026
Commit 2 at Mon Aug  3 15:15:13 UTC 2026
Commit 1 at Mon Aug  3 18:03:58 UTC 2026
Commit 2 at Mon Aug  3 18:04:04 UTC 2026
Commit 3 at Mon Aug  3 18:04:08 UTC 2026
Commit 4 at Mon Aug  3 18:04:17 UTC 2026
Commit 5 at Mon Aug  3 18:04:23 UTC 2026
Commit 6 at Mon Aug  3 18:04:31 UTC 2026
Commit 7 at Mon Aug  3 18:04:35 UTC 2026
Commit 8 at Mon Aug  3 18:04:44 UTC 2026
Commit 1 at Mon Aug  3 21:21:33 UTC 2026
Commit 2 at Mon Aug  3 21:21:37 UTC 2026
Commit 3 at Mon Aug  3 21:21:38 UTC 2026
Commit 4 at Mon Aug  3 21:21:38 UTC 2026
Commit 5 at Mon Aug  3 21:21:44 UTC 2026
Commit 6 at Mon Aug  3 21:21:52 UTC 2026
Commit 7 at Mon Aug  3 21:21:52 UTC 2026
Commit 8 at Mon Aug  3 21:21:57 UTC 2026
Commit 9 at Mon Aug  3 21:22:02 UTC 2026
Commit 10 at Mon Aug  3 21:22:11 UTC 2026
Commit 1 at Tue Aug  4 03:35:34 UTC 2026
Commit 2 at Tue Aug  4 03:35:36 UTC 2026
Commit 3 at Tue Aug  4 03:35:44 UTC 2026
Commit 4 at Tue Aug  4 03:35:44 UTC 2026
Commit 5 at Tue Aug  4 03:35:52 UTC 2026
Commit 6 at Tue Aug  4 03:36:01 UTC 2026
Commit 1 at Tue Aug  4 06:39:50 UTC 2026
Commit 2 at Tue Aug  4 06:39:52 UTC 2026
Commit 3 at Tue Aug  4 06:39:56 UTC 2026
Commit 4 at Tue Aug  4 06:40:03 UTC 2026
Commit 5 at Tue Aug  4 06:40:09 UTC 2026
Commit 6 at Tue Aug  4 06:40:11 UTC 2026
Commit 7 at Tue Aug  4 06:40:20 UTC 2026
Commit 8 at Tue Aug  4 06:40:24 UTC 2026
Commit 9 at Tue Aug  4 06:40:26 UTC 2026
Commit 10 at Tue Aug  4 06:40:31 UTC 2026
Commit 11 at Tue Aug  4 06:40:36 UTC 2026
Commit 12 at Tue Aug  4 06:40:45 UTC 2026
Commit 13 at Tue Aug  4 06:40:53 UTC 2026
Commit 14 at Tue Aug  4 06:40:53 UTC 2026
Commit 15 at Tue Aug  4 06:40:56 UTC 2026
Commit 1 at Tue Aug  4 10:49:34 UTC 2026
Commit 2 at Tue Aug  4 10:49:40 UTC 2026
Commit 3 at Tue Aug  4 10:49:45 UTC 2026
Commit 4 at Tue Aug  4 10:49:50 UTC 2026
Commit 5 at Tue Aug  4 10:49:54 UTC 2026
Commit 6 at Tue Aug  4 10:50:02 UTC 2026
Commit 7 at Tue Aug  4 10:50:08 UTC 2026
Commit 8 at Tue Aug  4 10:50:14 UTC 2026
Commit 9 at Tue Aug  4 10:50:16 UTC 2026
Commit 10 at Tue Aug  4 10:50:23 UTC 2026
Commit 11 at Tue Aug  4 10:50:28 UTC 2026
Commit 1 at Tue Aug  4 14:38:24 UTC 2026
Commit 2 at Tue Aug  4 14:38:27 UTC 2026
Commit 3 at Tue Aug  4 14:38:27 UTC 2026
Commit 4 at Tue Aug  4 14:38:35 UTC 2026
Commit 5 at Tue Aug  4 14:38:39 UTC 2026
Commit 6 at Tue Aug  4 14:38:46 UTC 2026
Commit 7 at Tue Aug  4 14:38:48 UTC 2026
Commit 8 at Tue Aug  4 14:38:54 UTC 2026
Commit 9 at Tue Aug  4 14:38:58 UTC 2026
Commit 10 at Tue Aug  4 14:39:07 UTC 2026
Commit 11 at Tue Aug  4 14:39:12 UTC 2026
Commit 12 at Tue Aug  4 14:39:20 UTC 2026
Commit 13 at Tue Aug  4 14:39:22 UTC 2026
Commit 1 at Tue Aug  4 18:02:43 UTC 2026
Commit 2 at Tue Aug  4 18:02:47 UTC 2026
Commit 3 at Tue Aug  4 18:02:51 UTC 2026
Commit 4 at Tue Aug  4 18:02:58 UTC 2026
Commit 5 at Tue Aug  4 18:03:01 UTC 2026
Commit 6 at Tue Aug  4 18:03:02 UTC 2026
Commit 7 at Tue Aug  4 18:03:10 UTC 2026
Commit 8 at Tue Aug  4 18:03:13 UTC 2026
Commit 9 at Tue Aug  4 18:03:14 UTC 2026
Commit 10 at Tue Aug  4 18:03:15 UTC 2026
Commit 11 at Tue Aug  4 18:03:15 UTC 2026
Commit 12 at Tue Aug  4 18:03:23 UTC 2026
Commit 13 at Tue Aug  4 18:03:23 UTC 2026
Commit 14 at Tue Aug  4 18:03:26 UTC 2026
Commit 15 at Tue Aug  4 18:03:28 UTC 2026
Commit 1 at Tue Aug  4 21:34:57 UTC 2026
Commit 2 at Tue Aug  4 21:35:01 UTC 2026
Commit 3 at Tue Aug  4 21:35:06 UTC 2026
Commit 4 at Tue Aug  4 21:35:15 UTC 2026
Commit 5 at Tue Aug  4 21:35:18 UTC 2026
Commit 6 at Tue Aug  4 21:35:26 UTC 2026
Commit 7 at Tue Aug  4 21:35:30 UTC 2026
Commit 8 at Tue Aug  4 21:35:32 UTC 2026
Commit 9 at Tue Aug  4 21:35:34 UTC 2026
Commit 10 at Tue Aug  4 21:35:42 UTC 2026
Commit 11 at Tue Aug  4 21:35:51 UTC 2026
Commit 12 at Tue Aug  4 21:35:52 UTC 2026
Commit 13 at Tue Aug  4 21:35:55 UTC 2026
Commit 14 at Tue Aug  4 21:35:58 UTC 2026
Commit 1 at Wed Aug  5 03:31:23 UTC 2026
Commit 2 at Wed Aug  5 03:31:32 UTC 2026
Commit 3 at Wed Aug  5 03:31:41 UTC 2026
Commit 4 at Wed Aug  5 03:31:43 UTC 2026
Commit 5 at Wed Aug  5 03:31:44 UTC 2026
Commit 6 at Wed Aug  5 03:31:50 UTC 2026
Commit 7 at Wed Aug  5 03:31:58 UTC 2026
Commit 8 at Wed Aug  5 03:31:58 UTC 2026
Commit 9 at Wed Aug  5 03:32:00 UTC 2026
Commit 10 at Wed Aug  5 03:32:01 UTC 2026
Commit 11 at Wed Aug  5 03:32:05 UTC 2026
Commit 12 at Wed Aug  5 03:32:12 UTC 2026
Commit 1 at Wed Aug  5 06:40:59 UTC 2026
Commit 2 at Wed Aug  5 06:41:07 UTC 2026
Commit 3 at Wed Aug  5 06:41:08 UTC 2026
Commit 4 at Wed Aug  5 06:41:15 UTC 2026
Commit 5 at Wed Aug  5 06:41:22 UTC 2026
Commit 6 at Wed Aug  5 06:41:23 UTC 2026
Commit 7 at Wed Aug  5 06:41:23 UTC 2026
Commit 8 at Wed Aug  5 06:41:25 UTC 2026
Commit 9 at Wed Aug  5 06:41:31 UTC 2026
Commit 10 at Wed Aug  5 06:41:36 UTC 2026
Commit 11 at Wed Aug  5 06:41:41 UTC 2026
Commit 12 at Wed Aug  5 06:41:46 UTC 2026
Commit 13 at Wed Aug  5 06:41:46 UTC 2026
Commit 14 at Wed Aug  5 06:41:47 UTC 2026
Commit 15 at Wed Aug  5 06:41:51 UTC 2026
Commit 1 at Wed Aug  5 10:45:24 UTC 2026
Commit 2 at Wed Aug  5 10:45:27 UTC 2026
Commit 1 at Wed Aug  5 14:32:05 UTC 2026
Commit 2 at Wed Aug  5 14:32:05 UTC 2026
Commit 1 at Wed Aug  5 17:52:46 UTC 2026
Commit 2 at Wed Aug  5 17:52:46 UTC 2026
Commit 3 at Wed Aug  5 17:52:50 UTC 2026
Commit 4 at Wed Aug  5 17:52:57 UTC 2026
Commit 5 at Wed Aug  5 17:53:05 UTC 2026
Commit 6 at Wed Aug  5 17:53:14 UTC 2026
Commit 7 at Wed Aug  5 17:53:14 UTC 2026
Commit 8 at Wed Aug  5 17:53:18 UTC 2026
Commit 9 at Wed Aug  5 17:53:21 UTC 2026
Commit 10 at Wed Aug  5 17:53:22 UTC 2026
Commit 11 at Wed Aug  5 17:53:23 UTC 2026
Commit 1 at Wed Aug  5 21:31:35 UTC 2026
Commit 2 at Wed Aug  5 21:31:41 UTC 2026
Commit 3 at Wed Aug  5 21:31:48 UTC 2026
Commit 4 at Wed Aug  5 21:31:51 UTC 2026
Commit 5 at Wed Aug  5 21:31:56 UTC 2026
Commit 1 at Thu Aug  6 03:35:15 UTC 2026
Commit 2 at Thu Aug  6 03:35:20 UTC 2026
Commit 3 at Thu Aug  6 03:35:21 UTC 2026
Commit 4 at Thu Aug  6 03:35:27 UTC 2026
Commit 5 at Thu Aug  6 03:35:29 UTC 2026
Commit 6 at Thu Aug  6 03:35:38 UTC 2026
Commit 7 at Thu Aug  6 03:35:41 UTC 2026
Commit 8 at Thu Aug  6 03:35:46 UTC 2026
Commit 9 at Thu Aug  6 03:35:54 UTC 2026
Commit 10 at Thu Aug  6 03:35:57 UTC 2026
Commit 11 at Thu Aug  6 03:36:04 UTC 2026
Commit 1 at Thu Aug  6 06:44:37 UTC 2026
Commit 2 at Thu Aug  6 06:44:41 UTC 2026
Commit 3 at Thu Aug  6 06:44:50 UTC 2026
Commit 1 at Thu Aug  6 10:48:20 UTC 2026
Commit 2 at Thu Aug  6 10:48:25 UTC 2026
Commit 3 at Thu Aug  6 10:48:34 UTC 2026
Commit 4 at Thu Aug  6 10:48:40 UTC 2026
Commit 5 at Thu Aug  6 10:48:46 UTC 2026
Commit 6 at Thu Aug  6 10:48:52 UTC 2026
Commit 7 at Thu Aug  6 10:49:00 UTC 2026
Commit 8 at Thu Aug  6 10:49:08 UTC 2026
Commit 9 at Thu Aug  6 10:49:11 UTC 2026
Commit 10 at Thu Aug  6 10:49:11 UTC 2026
Commit 1 at Thu Aug  6 14:33:53 UTC 2026
Commit 2 at Thu Aug  6 14:34:01 UTC 2026
Commit 3 at Thu Aug  6 14:34:03 UTC 2026
Commit 4 at Thu Aug  6 14:34:04 UTC 2026
Commit 1 at Fri Aug  7 00:54:54 UTC 2026
Commit 2 at Fri Aug  7 00:54:57 UTC 2026
Commit 3 at Fri Aug  7 00:54:59 UTC 2026
Commit 4 at Fri Aug  7 00:55:00 UTC 2026
Commit 1 at Fri Aug  7 05:49:44 UTC 2026
Commit 2 at Fri Aug  7 05:49:45 UTC 2026
Commit 3 at Fri Aug  7 05:49:54 UTC 2026
Commit 4 at Fri Aug  7 05:49:55 UTC 2026
Commit 5 at Fri Aug  7 05:50:01 UTC 2026
Commit 6 at Fri Aug  7 05:50:07 UTC 2026
Commit 7 at Fri Aug  7 05:50:09 UTC 2026
Commit 8 at Fri Aug  7 05:50:14 UTC 2026
Commit 9 at Fri Aug  7 05:50:23 UTC 2026
Commit 10 at Fri Aug  7 05:50:31 UTC 2026
Commit 11 at Fri Aug  7 05:50:38 UTC 2026
Commit 12 at Fri Aug  7 05:50:46 UTC 2026
Commit 13 at Fri Aug  7 05:50:55 UTC 2026
Commit 14 at Fri Aug  7 05:50:55 UTC 2026
Commit 15 at Fri Aug  7 05:50:56 UTC 2026
Commit 1 at Fri Aug  7 09:14:47 UTC 2026
Commit 2 at Fri Aug  7 09:14:48 UTC 2026
Commit 3 at Fri Aug  7 09:14:56 UTC 2026
Commit 4 at Fri Aug  7 09:14:57 UTC 2026
Commit 5 at Fri Aug  7 09:15:04 UTC 2026
Commit 6 at Fri Aug  7 09:15:05 UTC 2026
Commit 7 at Fri Aug  7 09:15:07 UTC 2026
Commit 1 at Fri Aug  7 13:37:41 UTC 2026
Commit 2 at Fri Aug  7 13:37:41 UTC 2026
Commit 3 at Fri Aug  7 13:37:45 UTC 2026
Commit 4 at Fri Aug  7 13:37:50 UTC 2026
Commit 5 at Fri Aug  7 13:37:50 UTC 2026
Commit 6 at Fri Aug  7 13:37:54 UTC 2026
Commit 7 at Fri Aug  7 13:37:58 UTC 2026
Commit 8 at Fri Aug  7 13:38:01 UTC 2026
Commit 1 at Fri Aug  7 17:06:23 UTC 2026
Commit 2 at Fri Aug  7 17:06:24 UTC 2026
Commit 3 at Fri Aug  7 17:06:32 UTC 2026
Commit 4 at Fri Aug  7 17:06:34 UTC 2026
Commit 5 at Fri Aug  7 17:06:39 UTC 2026
Commit 6 at Fri Aug  7 17:06:39 UTC 2026
Commit 7 at Fri Aug  7 17:06:40 UTC 2026
Commit 8 at Fri Aug  7 17:06:45 UTC 2026
Commit 9 at Fri Aug  7 17:06:50 UTC 2026
Commit 10 at Fri Aug  7 17:06:52 UTC 2026
Commit 11 at Fri Aug  7 17:06:54 UTC 2026
Commit 12 at Fri Aug  7 17:06:58 UTC 2026
Commit 13 at Fri Aug  7 17:07:01 UTC 2026
Commit 14 at Fri Aug  7 17:07:04 UTC 2026
Commit 1 at Fri Aug  7 20:57:52 UTC 2026
Commit 2 at Fri Aug  7 20:57:53 UTC 2026
Commit 3 at Fri Aug  7 20:57:53 UTC 2026
Commit 4 at Fri Aug  7 20:57:56 UTC 2026
Commit 5 at Fri Aug  7 20:58:03 UTC 2026
Commit 6 at Fri Aug  7 20:58:09 UTC 2026
Commit 7 at Fri Aug  7 20:58:14 UTC 2026
Commit 8 at Fri Aug  7 20:58:14 UTC 2026
Commit 1 at Sat Aug  8 02:20:30 UTC 2026
Commit 2 at Sat Aug  8 02:20:30 UTC 2026
Commit 3 at Sat Aug  8 02:20:34 UTC 2026
Commit 4 at Sat Aug  8 02:20:43 UTC 2026
Commit 5 at Sat Aug  8 02:20:46 UTC 2026
Commit 6 at Sat Aug  8 02:20:48 UTC 2026
Commit 7 at Sat Aug  8 02:20:51 UTC 2026
Commit 8 at Sat Aug  8 02:20:54 UTC 2026
Commit 9 at Sat Aug  8 02:20:56 UTC 2026
Commit 10 at Sat Aug  8 02:21:00 UTC 2026
Commit 11 at Sat Aug  8 02:21:03 UTC 2026
Commit 1 at Sat Aug  8 05:09:19 UTC 2026
Commit 2 at Sat Aug  8 05:09:19 UTC 2026
Commit 3 at Sat Aug  8 05:09:26 UTC 2026
Commit 4 at Sat Aug  8 05:09:33 UTC 2026
Commit 5 at Sat Aug  8 05:09:40 UTC 2026
Commit 6 at Sat Aug  8 05:09:48 UTC 2026
Commit 7 at Sat Aug  8 05:09:54 UTC 2026
Commit 8 at Sat Aug  8 05:09:57 UTC 2026
Commit 1 at Sat Aug  8 08:58:57 UTC 2026
Commit 2 at Sat Aug  8 08:59:04 UTC 2026
Commit 3 at Sat Aug  8 08:59:08 UTC 2026
Commit 4 at Sat Aug  8 08:59:12 UTC 2026
Commit 5 at Sat Aug  8 08:59:12 UTC 2026
Commit 6 at Sat Aug  8 08:59:19 UTC 2026
Commit 7 at Sat Aug  8 08:59:26 UTC 2026
Commit 8 at Sat Aug  8 08:59:26 UTC 2026
Commit 9 at Sat Aug  8 08:59:27 UTC 2026
Commit 10 at Sat Aug  8 08:59:29 UTC 2026
Commit 11 at Sat Aug  8 08:59:30 UTC 2026
Commit 12 at Sat Aug  8 08:59:38 UTC 2026
Commit 1 at Sat Aug  8 13:10:59 UTC 2026
Commit 2 at Sat Aug  8 13:11:02 UTC 2026
Commit 3 at Sat Aug  8 13:11:11 UTC 2026
Commit 4 at Sat Aug  8 13:11:19 UTC 2026
Commit 5 at Sat Aug  8 13:11:26 UTC 2026
Commit 6 at Sat Aug  8 13:11:34 UTC 2026
Commit 7 at Sat Aug  8 13:11:41 UTC 2026
Commit 8 at Sat Aug  8 13:11:47 UTC 2026
Commit 9 at Sat Aug  8 13:11:54 UTC 2026
Commit 10 at Sat Aug  8 13:11:55 UTC 2026
Commit 11 at Sat Aug  8 13:12:04 UTC 2026
Commit 12 at Sat Aug  8 13:12:08 UTC 2026
Commit 13 at Sat Aug  8 13:12:11 UTC 2026
Commit 14 at Sat Aug  8 13:12:19 UTC 2026
Commit 15 at Sat Aug  8 13:12:22 UTC 2026
Commit 1 at Sat Aug  8 16:51:18 UTC 2026
Commit 2 at Sat Aug  8 16:51:21 UTC 2026
Commit 1 at Sat Aug  8 20:46:54 UTC 2026
Commit 2 at Sat Aug  8 20:46:57 UTC 2026
Commit 3 at Sat Aug  8 20:47:01 UTC 2026
Commit 4 at Sat Aug  8 20:47:04 UTC 2026
Commit 5 at Sat Aug  8 20:47:04 UTC 2026
Commit 1 at Sun Aug  9 02:27:35 UTC 2026
Commit 2 at Sun Aug  9 02:27:39 UTC 2026
Commit 3 at Sun Aug  9 02:27:47 UTC 2026
Commit 4 at Sun Aug  9 02:27:55 UTC 2026
Commit 5 at Sun Aug  9 02:28:01 UTC 2026
Commit 6 at Sun Aug  9 02:28:02 UTC 2026
Commit 7 at Sun Aug  9 02:28:09 UTC 2026
Commit 8 at Sun Aug  9 02:28:17 UTC 2026
Commit 9 at Sun Aug  9 02:28:22 UTC 2026
Commit 10 at Sun Aug  9 02:28:25 UTC 2026
Commit 11 at Sun Aug  9 02:28:33 UTC 2026
Commit 12 at Sun Aug  9 02:28:38 UTC 2026
Commit 1 at Sun Aug  9 05:17:31 UTC 2026
Commit 2 at Sun Aug  9 05:17:32 UTC 2026
Commit 3 at Sun Aug  9 05:17:38 UTC 2026
Commit 1 at Sun Aug  9 09:01:29 UTC 2026
Commit 2 at Sun Aug  9 09:01:30 UTC 2026
Commit 3 at Sun Aug  9 09:01:31 UTC 2026
Commit 1 at Sun Aug  9 13:14:55 UTC 2026
Commit 2 at Sun Aug  9 13:15:02 UTC 2026
Commit 3 at Sun Aug  9 13:15:10 UTC 2026
Commit 4 at Sun Aug  9 13:15:10 UTC 2026
Commit 5 at Sun Aug  9 13:15:14 UTC 2026
Commit 6 at Sun Aug  9 13:15:21 UTC 2026
Commit 7 at Sun Aug  9 13:15:21 UTC 2026
Commit 8 at Sun Aug  9 13:15:22 UTC 2026
Commit 9 at Sun Aug  9 13:15:22 UTC 2026
Commit 10 at Sun Aug  9 13:15:29 UTC 2026
Commit 11 at Sun Aug  9 13:15:33 UTC 2026
Commit 12 at Sun Aug  9 13:15:40 UTC 2026
Commit 13 at Sun Aug  9 13:15:49 UTC 2026
Commit 14 at Sun Aug  9 13:15:52 UTC 2026
Commit 1 at Sun Aug  9 16:53:15 UTC 2026
Commit 2 at Sun Aug  9 16:53:24 UTC 2026
Commit 3 at Sun Aug  9 16:53:28 UTC 2026
Commit 4 at Sun Aug  9 16:53:29 UTC 2026
Commit 5 at Sun Aug  9 16:53:29 UTC 2026
Commit 6 at Sun Aug  9 16:53:34 UTC 2026
Commit 7 at Sun Aug  9 16:53:38 UTC 2026
Commit 8 at Sun Aug  9 16:53:39 UTC 2026
Commit 9 at Sun Aug  9 16:53:47 UTC 2026
Commit 10 at Sun Aug  9 16:53:54 UTC 2026
Commit 11 at Sun Aug  9 16:53:55 UTC 2026
Commit 12 at Sun Aug  9 16:54:02 UTC 2026
Commit 13 at Sun Aug  9 16:54:02 UTC 2026
Commit 1 at Sun Aug  9 20:50:55 UTC 2026
Commit 2 at Sun Aug  9 20:51:01 UTC 2026
Commit 1 at Mon Aug 10 02:33:34 UTC 2026
Commit 2 at Mon Aug 10 02:33:37 UTC 2026
Commit 3 at Mon Aug 10 02:33:37 UTC 2026
Commit 4 at Mon Aug 10 02:33:40 UTC 2026
Commit 5 at Mon Aug 10 02:33:40 UTC 2026
Commit 6 at Mon Aug 10 02:33:40 UTC 2026
Commit 7 at Mon Aug 10 02:33:47 UTC 2026
Commit 8 at Mon Aug 10 02:33:53 UTC 2026
Commit 1 at Mon Aug 10 05:43:01 UTC 2026
Commit 2 at Mon Aug 10 05:43:05 UTC 2026
Commit 3 at Mon Aug 10 05:43:09 UTC 2026
Commit 4 at Mon Aug 10 05:43:14 UTC 2026
Commit 5 at Mon Aug 10 05:43:21 UTC 2026
Commit 6 at Mon Aug 10 05:43:26 UTC 2026
Commit 7 at Mon Aug 10 05:43:33 UTC 2026
Commit 8 at Mon Aug 10 05:43:33 UTC 2026
Commit 9 at Mon Aug 10 05:43:35 UTC 2026
Commit 10 at Mon Aug 10 05:43:42 UTC 2026
Commit 11 at Mon Aug 10 05:43:51 UTC 2026
Commit 12 at Mon Aug 10 05:43:56 UTC 2026
Commit 13 at Mon Aug 10 05:44:04 UTC 2026
Commit 1 at Mon Aug 10 09:47:12 UTC 2026
Commit 2 at Mon Aug 10 09:47:19 UTC 2026
Commit 3 at Mon Aug 10 09:47:23 UTC 2026
Commit 4 at Mon Aug 10 09:47:30 UTC 2026
Commit 5 at Mon Aug 10 09:47:39 UTC 2026
Commit 6 at Mon Aug 10 09:47:45 UTC 2026
Commit 1 at Mon Aug 10 13:42:40 UTC 2026
Commit 2 at Mon Aug 10 13:42:44 UTC 2026
Commit 3 at Mon Aug 10 13:42:45 UTC 2026
Commit 4 at Mon Aug 10 13:42:45 UTC 2026
Commit 5 at Mon Aug 10 13:42:53 UTC 2026
Commit 6 at Mon Aug 10 13:42:59 UTC 2026
Commit 1 at Mon Aug 10 17:07:39 UTC 2026
Commit 1 at Mon Aug 10 21:01:05 UTC 2026
Commit 2 at Mon Aug 10 21:01:10 UTC 2026
Commit 3 at Mon Aug 10 21:01:11 UTC 2026
Commit 4 at Mon Aug 10 21:01:20 UTC 2026
Commit 5 at Mon Aug 10 21:01:26 UTC 2026
Commit 6 at Mon Aug 10 21:01:29 UTC 2026
Commit 1 at Tue Aug 11 02:26:29 UTC 2026
Commit 2 at Tue Aug 11 02:26:38 UTC 2026
Commit 3 at Tue Aug 11 02:26:46 UTC 2026
Commit 4 at Tue Aug 11 02:26:51 UTC 2026
Commit 5 at Tue Aug 11 02:26:59 UTC 2026
Commit 6 at Tue Aug 11 02:27:05 UTC 2026
Commit 7 at Tue Aug 11 02:27:13 UTC 2026
Commit 8 at Tue Aug 11 02:27:19 UTC 2026
Commit 9 at Tue Aug 11 02:27:25 UTC 2026
Commit 10 at Tue Aug 11 02:27:26 UTC 2026
Commit 11 at Tue Aug 11 02:27:32 UTC 2026
Commit 1 at Tue Aug 11 05:27:59 UTC 2026
Commit 2 at Tue Aug 11 05:28:06 UTC 2026
Commit 3 at Tue Aug 11 05:28:08 UTC 2026
Commit 4 at Tue Aug 11 05:28:17 UTC 2026
Commit 5 at Tue Aug 11 05:28:20 UTC 2026
Commit 6 at Tue Aug 11 05:28:26 UTC 2026
Commit 7 at Tue Aug 11 05:28:32 UTC 2026
Commit 1 at Tue Aug 11 09:12:56 UTC 2026
Commit 2 at Tue Aug 11 09:13:03 UTC 2026
Commit 3 at Tue Aug 11 09:13:07 UTC 2026
Commit 4 at Tue Aug 11 09:13:14 UTC 2026
Commit 5 at Tue Aug 11 09:13:20 UTC 2026
Commit 6 at Tue Aug 11 09:13:21 UTC 2026
Commit 7 at Tue Aug 11 09:13:27 UTC 2026
Commit 8 at Tue Aug 11 09:13:31 UTC 2026
Commit 9 at Tue Aug 11 09:13:39 UTC 2026
Commit 10 at Tue Aug 11 09:13:44 UTC 2026
Commit 11 at Tue Aug 11 09:13:47 UTC 2026
Commit 12 at Tue Aug 11 09:13:48 UTC 2026
Commit 13 at Tue Aug 11 09:13:57 UTC 2026
Commit 1 at Tue Aug 11 13:41:25 UTC 2026
Commit 2 at Tue Aug 11 13:41:31 UTC 2026
Commit 3 at Tue Aug 11 13:41:36 UTC 2026
Commit 4 at Tue Aug 11 13:41:42 UTC 2026
Commit 5 at Tue Aug 11 13:41:49 UTC 2026
Commit 6 at Tue Aug 11 13:41:52 UTC 2026
Commit 7 at Tue Aug 11 13:41:57 UTC 2026
Commit 8 at Tue Aug 11 13:42:01 UTC 2026
Commit 1 at Tue Aug 11 17:11:06 UTC 2026
Commit 2 at Tue Aug 11 17:11:14 UTC 2026
Commit 3 at Tue Aug 11 17:11:19 UTC 2026
Commit 1 at Tue Aug 11 21:03:37 UTC 2026
Commit 2 at Tue Aug 11 21:03:39 UTC 2026
Commit 1 at Wed Aug 12 02:42:55 UTC 2026
Commit 2 at Wed Aug 12 02:42:55 UTC 2026
Commit 3 at Wed Aug 12 02:42:59 UTC 2026
Commit 4 at Wed Aug 12 02:43:05 UTC 2026
Commit 5 at Wed Aug 12 02:43:08 UTC 2026
Commit 6 at Wed Aug 12 02:43:15 UTC 2026
Commit 7 at Wed Aug 12 02:43:18 UTC 2026
Commit 1 at Wed Aug 12 05:45:13 UTC 2026
Commit 2 at Wed Aug 12 05:45:20 UTC 2026
Commit 3 at Wed Aug 12 05:45:29 UTC 2026
Commit 4 at Wed Aug 12 05:45:31 UTC 2026
Commit 5 at Wed Aug 12 05:45:40 UTC 2026
Commit 6 at Wed Aug 12 05:45:41 UTC 2026
Commit 7 at Wed Aug 12 05:45:45 UTC 2026
Commit 8 at Wed Aug 12 05:45:52 UTC 2026
Commit 9 at Wed Aug 12 05:46:00 UTC 2026
Commit 1 at Wed Aug 12 09:31:14 UTC 2026
Commit 2 at Wed Aug 12 09:31:19 UTC 2026
Commit 3 at Wed Aug 12 09:31:25 UTC 2026
Commit 4 at Wed Aug 12 09:31:32 UTC 2026
Commit 5 at Wed Aug 12 09:31:40 UTC 2026
Commit 1 at Wed Aug 12 13:45:25 UTC 2026
Commit 2 at Wed Aug 12 13:45:31 UTC 2026
Commit 3 at Wed Aug 12 13:45:35 UTC 2026
Commit 4 at Wed Aug 12 13:45:39 UTC 2026
Commit 5 at Wed Aug 12 13:45:42 UTC 2026
Commit 6 at Wed Aug 12 13:45:48 UTC 2026
Commit 1 at Wed Aug 12 17:11:07 UTC 2026
Commit 2 at Wed Aug 12 17:11:15 UTC 2026
Commit 3 at Wed Aug 12 17:11:20 UTC 2026
Commit 4 at Wed Aug 12 17:11:26 UTC 2026
Commit 1 at Wed Aug 12 21:02:24 UTC 2026
Commit 2 at Wed Aug 12 21:02:28 UTC 2026
Commit 1 at Thu Aug 13 02:45:53 UTC 2026
Commit 2 at Thu Aug 13 02:45:57 UTC 2026
Commit 3 at Thu Aug 13 02:46:04 UTC 2026
Commit 4 at Thu Aug 13 02:46:11 UTC 2026
Commit 5 at Thu Aug 13 02:46:16 UTC 2026
Commit 6 at Thu Aug 13 02:46:22 UTC 2026
Commit 1 at Thu Aug 13 05:48:08 UTC 2026
Commit 2 at Thu Aug 13 05:48:09 UTC 2026
Commit 3 at Thu Aug 13 05:48:10 UTC 2026
Commit 4 at Thu Aug 13 05:48:10 UTC 2026
Commit 5 at Thu Aug 13 05:48:11 UTC 2026
Commit 6 at Thu Aug 13 05:48:15 UTC 2026
Commit 7 at Thu Aug 13 05:48:21 UTC 2026
Commit 8 at Thu Aug 13 05:48:23 UTC 2026
Commit 9 at Thu Aug 13 05:48:24 UTC 2026
Commit 10 at Thu Aug 13 05:48:29 UTC 2026
Commit 11 at Thu Aug 13 05:48:30 UTC 2026
Commit 12 at Thu Aug 13 05:48:30 UTC 2026
Commit 1 at Thu Aug 13 09:32:35 UTC 2026
Commit 2 at Thu Aug 13 09:32:38 UTC 2026
Commit 3 at Thu Aug 13 09:32:39 UTC 2026
Commit 4 at Thu Aug 13 09:32:41 UTC 2026
Commit 5 at Thu Aug 13 09:32:42 UTC 2026
Commit 6 at Thu Aug 13 09:32:48 UTC 2026
Commit 7 at Thu Aug 13 09:32:48 UTC 2026
Commit 1 at Thu Aug 13 13:46:06 UTC 2026
Commit 1 at Thu Aug 13 17:11:08 UTC 2026
Commit 2 at Thu Aug 13 17:11:14 UTC 2026
Commit 3 at Thu Aug 13 17:11:18 UTC 2026
Commit 1 at Thu Aug 13 21:01:49 UTC 2026
Commit 2 at Thu Aug 13 21:01:55 UTC 2026
Commit 3 at Thu Aug 13 21:02:03 UTC 2026
Commit 4 at Thu Aug 13 21:02:04 UTC 2026
Commit 1 at Fri Aug 14 02:44:48 UTC 2026
Commit 2 at Fri Aug 14 02:44:53 UTC 2026
Commit 3 at Fri Aug 14 02:44:55 UTC 2026
Commit 4 at Fri Aug 14 02:45:01 UTC 2026
Commit 5 at Fri Aug 14 02:45:01 UTC 2026
Commit 6 at Fri Aug 14 02:45:01 UTC 2026
Commit 7 at Fri Aug 14 02:45:01 UTC 2026
Commit 8 at Fri Aug 14 02:45:05 UTC 2026
Commit 9 at Fri Aug 14 02:45:09 UTC 2026
Commit 10 at Fri Aug 14 02:45:16 UTC 2026
Commit 1 at Fri Aug 14 05:45:14 UTC 2026
Commit 2 at Fri Aug 14 05:45:17 UTC 2026
Commit 3 at Fri Aug 14 05:45:21 UTC 2026
Commit 4 at Fri Aug 14 05:45:27 UTC 2026
Commit 5 at Fri Aug 14 05:45:35 UTC 2026
Commit 6 at Fri Aug 14 05:45:35 UTC 2026
Commit 7 at Fri Aug 14 05:45:40 UTC 2026
Commit 8 at Fri Aug 14 05:45:48 UTC 2026
Commit 9 at Fri Aug 14 05:45:56 UTC 2026
Commit 10 at Fri Aug 14 05:46:04 UTC 2026
Commit 11 at Fri Aug 14 05:46:12 UTC 2026
Commit 12 at Fri Aug 14 05:46:14 UTC 2026
Commit 13 at Fri Aug 14 05:46:21 UTC 2026
Commit 14 at Fri Aug 14 05:46:30 UTC 2026
Commit 15 at Fri Aug 14 05:46:39 UTC 2026
Commit 1 at Fri Aug 14 09:19:36 UTC 2026
Commit 2 at Fri Aug 14 09:19:36 UTC 2026
Commit 3 at Fri Aug 14 09:19:36 UTC 2026
Commit 4 at Fri Aug 14 09:19:39 UTC 2026
Commit 5 at Fri Aug 14 09:19:40 UTC 2026
Commit 6 at Fri Aug 14 09:19:41 UTC 2026
Commit 7 at Fri Aug 14 09:19:44 UTC 2026
Commit 8 at Fri Aug 14 09:19:49 UTC 2026
Commit 9 at Fri Aug 14 09:19:53 UTC 2026
Commit 10 at Fri Aug 14 09:19:54 UTC 2026
Commit 11 at Fri Aug 14 09:19:59 UTC 2026
Commit 12 at Fri Aug 14 09:20:07 UTC 2026
Commit 13 at Fri Aug 14 09:20:07 UTC 2026
Commit 14 at Fri Aug 14 09:20:12 UTC 2026
Commit 15 at Fri Aug 14 09:20:20 UTC 2026
Commit 1 at Fri Aug 14 13:41:42 UTC 2026
Commit 2 at Fri Aug 14 13:41:43 UTC 2026
Commit 3 at Fri Aug 14 13:41:50 UTC 2026
Commit 4 at Fri Aug 14 13:41:54 UTC 2026
Commit 5 at Fri Aug 14 13:42:00 UTC 2026
Commit 6 at Fri Aug 14 13:42:02 UTC 2026
Commit 7 at Fri Aug 14 13:42:02 UTC 2026
Commit 8 at Fri Aug 14 13:42:08 UTC 2026
Commit 9 at Fri Aug 14 13:42:12 UTC 2026
Commit 10 at Fri Aug 14 13:42:13 UTC 2026
Commit 11 at Fri Aug 14 13:42:21 UTC 2026
Commit 12 at Fri Aug 14 13:42:28 UTC 2026
Commit 1 at Fri Aug 14 17:10:09 UTC 2026
Commit 2 at Fri Aug 14 17:10:09 UTC 2026
Commit 3 at Fri Aug 14 17:10:17 UTC 2026
Commit 4 at Fri Aug 14 17:10:22 UTC 2026
Commit 5 at Fri Aug 14 17:10:28 UTC 2026
Commit 6 at Fri Aug 14 17:10:37 UTC 2026
Commit 7 at Fri Aug 14 17:10:42 UTC 2026
Commit 8 at Fri Aug 14 17:10:47 UTC 2026
Commit 9 at Fri Aug 14 17:10:53 UTC 2026
Commit 10 at Fri Aug 14 17:11:00 UTC 2026
Commit 1 at Fri Aug 14 20:44:24 UTC 2026
Commit 1 at Sat Aug 15 01:48:37 UTC 2026
Commit 2 at Sat Aug 15 01:48:40 UTC 2026
Commit 3 at Sat Aug 15 01:48:47 UTC 2026
Commit 4 at Sat Aug 15 01:48:50 UTC 2026
Commit 5 at Sat Aug 15 01:48:54 UTC 2026
Commit 6 at Sat Aug 15 01:48:54 UTC 2026
Commit 7 at Sat Aug 15 01:48:54 UTC 2026
Commit 8 at Sat Aug 15 01:48:55 UTC 2026
Commit 9 at Sat Aug 15 01:49:03 UTC 2026
Commit 10 at Sat Aug 15 01:49:03 UTC 2026
Commit 11 at Sat Aug 15 01:49:11 UTC 2026
Commit 12 at Sat Aug 15 01:49:15 UTC 2026
Commit 13 at Sat Aug 15 01:49:24 UTC 2026
Commit 14 at Sat Aug 15 01:49:31 UTC 2026
Commit 15 at Sat Aug 15 01:49:36 UTC 2026
Commit 1 at Sat Aug 15 04:46:11 UTC 2026
Commit 2 at Sat Aug 15 04:46:11 UTC 2026
Commit 3 at Sat Aug 15 04:46:11 UTC 2026
Commit 1 at Sat Aug 15 08:44:26 UTC 2026
Commit 2 at Sat Aug 15 08:44:31 UTC 2026
Commit 3 at Sat Aug 15 08:44:40 UTC 2026
Commit 4 at Sat Aug 15 08:44:49 UTC 2026
Commit 5 at Sat Aug 15 08:44:54 UTC 2026
Commit 6 at Sat Aug 15 08:45:01 UTC 2026
Commit 7 at Sat Aug 15 08:45:03 UTC 2026
Commit 8 at Sat Aug 15 08:45:11 UTC 2026
Commit 9 at Sat Aug 15 08:45:17 UTC 2026
Commit 10 at Sat Aug 15 08:45:22 UTC 2026
Commit 11 at Sat Aug 15 08:45:24 UTC 2026
Commit 12 at Sat Aug 15 08:45:33 UTC 2026
Commit 1 at Sat Aug 15 12:57:56 UTC 2026
Commit 2 at Sat Aug 15 12:58:03 UTC 2026
Commit 3 at Sat Aug 15 12:58:05 UTC 2026
Commit 4 at Sat Aug 15 12:58:12 UTC 2026
Commit 5 at Sat Aug 15 12:58:21 UTC 2026
Commit 6 at Sat Aug 15 12:58:26 UTC 2026
Commit 7 at Sat Aug 15 12:58:28 UTC 2026
Commit 8 at Sat Aug 15 12:58:37 UTC 2026
Commit 9 at Sat Aug 15 12:58:39 UTC 2026
Commit 10 at Sat Aug 15 12:58:48 UTC 2026
Commit 11 at Sat Aug 15 12:58:53 UTC 2026
Commit 12 at Sat Aug 15 12:58:53 UTC 2026
Commit 13 at Sat Aug 15 12:58:56 UTC 2026
Commit 14 at Sat Aug 15 12:59:00 UTC 2026
Commit 1 at Sat Aug 15 16:40:35 UTC 2026
Commit 2 at Sat Aug 15 16:40:38 UTC 2026
Commit 3 at Sat Aug 15 16:40:44 UTC 2026
Commit 4 at Sat Aug 15 16:40:49 UTC 2026
Commit 5 at Sat Aug 15 16:40:51 UTC 2026
Commit 6 at Sat Aug 15 16:40:57 UTC 2026
Commit 1 at Sat Aug 15 20:37:05 UTC 2026
Commit 2 at Sat Aug 15 20:37:14 UTC 2026
Commit 3 at Sat Aug 15 20:37:15 UTC 2026
Commit 4 at Sat Aug 15 20:37:23 UTC 2026
Commit 5 at Sat Aug 15 20:37:28 UTC 2026
Commit 6 at Sat Aug 15 20:37:32 UTC 2026
Commit 7 at Sat Aug 15 20:37:36 UTC 2026
Commit 8 at Sat Aug 15 20:37:36 UTC 2026
Commit 1 at Sun Aug 16 01:56:16 UTC 2026
Commit 2 at Sun Aug 16 01:56:19 UTC 2026
Commit 3 at Sun Aug 16 01:56:25 UTC 2026
Commit 4 at Sun Aug 16 01:56:33 UTC 2026
Commit 5 at Sun Aug 16 01:56:36 UTC 2026
Commit 6 at Sun Aug 16 01:56:39 UTC 2026
Commit 7 at Sun Aug 16 01:56:47 UTC 2026
Commit 8 at Sun Aug 16 01:56:52 UTC 2026
Commit 9 at Sun Aug 16 01:57:01 UTC 2026
Commit 10 at Sun Aug 16 01:57:10 UTC 2026
Commit 11 at Sun Aug 16 01:57:10 UTC 2026
Commit 12 at Sun Aug 16 01:57:13 UTC 2026
Commit 13 at Sun Aug 16 01:57:19 UTC 2026
Commit 1 at Sun Aug 16 04:49:21 UTC 2026
Commit 2 at Sun Aug 16 04:49:21 UTC 2026
Commit 3 at Sun Aug 16 04:49:28 UTC 2026
Commit 4 at Sun Aug 16 04:49:35 UTC 2026
Commit 5 at Sun Aug 16 04:49:35 UTC 2026
Commit 6 at Sun Aug 16 04:49:39 UTC 2026
Commit 7 at Sun Aug 16 04:49:44 UTC 2026
Commit 8 at Sun Aug 16 04:49:44 UTC 2026
Commit 9 at Sun Aug 16 04:49:44 UTC 2026
Commit 10 at Sun Aug 16 04:49:50 UTC 2026
Commit 11 at Sun Aug 16 04:49:51 UTC 2026
Commit 12 at Sun Aug 16 04:49:56 UTC 2026
Commit 1 at Sun Aug 16 08:46:22 UTC 2026
Commit 2 at Sun Aug 16 08:46:28 UTC 2026
Commit 3 at Sun Aug 16 08:46:37 UTC 2026
Commit 4 at Sun Aug 16 08:46:46 UTC 2026
Commit 5 at Sun Aug 16 08:46:54 UTC 2026
Commit 6 at Sun Aug 16 08:46:56 UTC 2026
Commit 7 at Sun Aug 16 08:47:01 UTC 2026
Commit 8 at Sun Aug 16 08:47:07 UTC 2026
Commit 9 at Sun Aug 16 08:47:09 UTC 2026
Commit 10 at Sun Aug 16 08:47:11 UTC 2026
Commit 11 at Sun Aug 16 08:47:16 UTC 2026
Commit 12 at Sun Aug 16 08:47:17 UTC 2026
Commit 13 at Sun Aug 16 08:47:22 UTC 2026
Commit 14 at Sun Aug 16 08:47:24 UTC 2026
Commit 15 at Sun Aug 16 08:47:29 UTC 2026
Commit 1 at Sun Aug 16 12:59:48 UTC 2026
Commit 2 at Sun Aug 16 12:59:49 UTC 2026
Commit 3 at Sun Aug 16 12:59:50 UTC 2026
Commit 4 at Sun Aug 16 12:59:54 UTC 2026
Commit 5 at Sun Aug 16 12:59:54 UTC 2026
Commit 6 at Sun Aug 16 12:59:59 UTC 2026
Commit 7 at Sun Aug 16 13:00:01 UTC 2026
Commit 1 at Sun Aug 16 16:41:32 UTC 2026
Commit 2 at Sun Aug 16 16:41:35 UTC 2026
Commit 3 at Sun Aug 16 16:41:36 UTC 2026
Commit 4 at Sun Aug 16 16:41:39 UTC 2026
Commit 5 at Sun Aug 16 16:41:42 UTC 2026
Commit 6 at Sun Aug 16 16:41:42 UTC 2026
Commit 7 at Sun Aug 16 16:41:43 UTC 2026
Commit 8 at Sun Aug 16 16:41:44 UTC 2026
Commit 9 at Sun Aug 16 16:41:46 UTC 2026
Commit 10 at Sun Aug 16 16:41:55 UTC 2026
Commit 1 at Sun Aug 16 20:36:28 UTC 2026
Commit 2 at Sun Aug 16 20:36:36 UTC 2026
Commit 3 at Sun Aug 16 20:36:41 UTC 2026
Commit 4 at Sun Aug 16 20:36:49 UTC 2026
Commit 5 at Sun Aug 16 20:36:55 UTC 2026
Commit 6 at Sun Aug 16 20:37:00 UTC 2026
Commit 7 at Sun Aug 16 20:37:08 UTC 2026
Commit 8 at Sun Aug 16 20:37:09 UTC 2026
Commit 9 at Sun Aug 16 20:37:18 UTC 2026
Commit 10 at Sun Aug 16 20:37:22 UTC 2026
Commit 11 at Sun Aug 16 20:37:30 UTC 2026
Commit 12 at Sun Aug 16 20:37:31 UTC 2026
Commit 13 at Sun Aug 16 20:37:33 UTC 2026
Commit 1 at Mon Aug 17 01:54:12 UTC 2026
Commit 2 at Mon Aug 17 01:54:17 UTC 2026
Commit 3 at Mon Aug 17 01:54:24 UTC 2026
Commit 4 at Mon Aug 17 01:54:26 UTC 2026
Commit 5 at Mon Aug 17 01:54:33 UTC 2026
Commit 6 at Mon Aug 17 01:54:35 UTC 2026
Commit 7 at Mon Aug 17 01:54:39 UTC 2026
Commit 8 at Mon Aug 17 01:54:39 UTC 2026
Commit 9 at Mon Aug 17 01:54:41 UTC 2026
Commit 10 at Mon Aug 17 01:54:50 UTC 2026
Commit 11 at Mon Aug 17 01:54:57 UTC 2026
Commit 12 at Mon Aug 17 01:55:01 UTC 2026
Commit 13 at Mon Aug 17 01:55:07 UTC 2026
Commit 14 at Mon Aug 17 01:55:12 UTC 2026
Commit 1 at Mon Aug 17 04:56:59 UTC 2026
Commit 2 at Mon Aug 17 04:57:06 UTC 2026
Commit 3 at Mon Aug 17 04:57:10 UTC 2026
Commit 4 at Mon Aug 17 04:57:13 UTC 2026
Commit 5 at Mon Aug 17 04:57:22 UTC 2026
Commit 6 at Mon Aug 17 04:57:28 UTC 2026
Commit 7 at Mon Aug 17 04:57:37 UTC 2026
Commit 8 at Mon Aug 17 04:57:37 UTC 2026
Commit 9 at Mon Aug 17 04:57:46 UTC 2026
Commit 10 at Mon Aug 17 04:57:47 UTC 2026
Commit 11 at Mon Aug 17 04:57:49 UTC 2026
Commit 12 at Mon Aug 17 04:57:57 UTC 2026
Commit 1 at Mon Aug 17 08:59:51 UTC 2026
Commit 2 at Mon Aug 17 08:59:54 UTC 2026
Commit 3 at Mon Aug 17 08:59:54 UTC 2026
Commit 1 at Mon Aug 17 13:04:36 UTC 2026
Commit 2 at Mon Aug 17 13:04:39 UTC 2026
Commit 3 at Mon Aug 17 13:04:47 UTC 2026
Commit 4 at Mon Aug 17 13:04:52 UTC 2026
Commit 5 at Mon Aug 17 13:05:00 UTC 2026
Commit 6 at Mon Aug 17 13:05:09 UTC 2026
Commit 7 at Mon Aug 17 13:05:15 UTC 2026
Commit 8 at Mon Aug 17 13:05:22 UTC 2026
Commit 9 at Mon Aug 17 13:05:30 UTC 2026
Commit 10 at Mon Aug 17 13:05:35 UTC 2026
Commit 1 at Mon Aug 17 16:44:42 UTC 2026
Commit 1 at Mon Aug 17 20:42:25 UTC 2026
Commit 2 at Mon Aug 17 20:42:33 UTC 2026
Commit 3 at Mon Aug 17 20:42:35 UTC 2026
Commit 4 at Mon Aug 17 20:42:42 UTC 2026
Commit 5 at Mon Aug 17 20:42:48 UTC 2026
Commit 6 at Mon Aug 17 20:42:53 UTC 2026
Commit 7 at Mon Aug 17 20:43:00 UTC 2026
Commit 8 at Mon Aug 17 20:43:06 UTC 2026
Commit 9 at Mon Aug 17 20:43:15 UTC 2026
Commit 10 at Mon Aug 17 20:43:17 UTC 2026
Commit 1 at Tue Aug 18 01:49:35 UTC 2026
Commit 2 at Tue Aug 18 01:49:37 UTC 2026
Commit 3 at Tue Aug 18 01:49:40 UTC 2026
Commit 4 at Tue Aug 18 01:49:44 UTC 2026
Commit 5 at Tue Aug 18 01:49:44 UTC 2026
Commit 6 at Tue Aug 18 01:49:46 UTC 2026
Commit 7 at Tue Aug 18 01:49:54 UTC 2026
Commit 8 at Tue Aug 18 01:49:56 UTC 2026
Commit 9 at Tue Aug 18 01:50:03 UTC 2026
Commit 1 at Tue Aug 18 04:50:51 UTC 2026
Commit 2 at Tue Aug 18 04:50:53 UTC 2026
Commit 3 at Tue Aug 18 04:51:02 UTC 2026
Commit 4 at Tue Aug 18 04:51:10 UTC 2026
Commit 5 at Tue Aug 18 04:51:16 UTC 2026
Commit 6 at Tue Aug 18 04:51:21 UTC 2026
Commit 7 at Tue Aug 18 04:51:23 UTC 2026
Commit 8 at Tue Aug 18 04:51:26 UTC 2026
Commit 9 at Tue Aug 18 04:51:32 UTC 2026
Commit 10 at Tue Aug 18 04:51:40 UTC 2026
Commit 11 at Tue Aug 18 04:51:44 UTC 2026
Commit 12 at Tue Aug 18 04:51:47 UTC 2026
Commit 1 at Tue Aug 18 08:52:30 UTC 2026
Commit 2 at Tue Aug 18 08:52:38 UTC 2026
Commit 3 at Tue Aug 18 08:52:44 UTC 2026
Commit 4 at Tue Aug 18 08:52:52 UTC 2026
Commit 5 at Tue Aug 18 08:52:55 UTC 2026
Commit 6 at Tue Aug 18 08:52:56 UTC 2026
Commit 7 at Tue Aug 18 08:53:02 UTC 2026
Commit 8 at Tue Aug 18 08:53:07 UTC 2026
Commit 9 at Tue Aug 18 08:53:11 UTC 2026
Commit 10 at Tue Aug 18 08:53:11 UTC 2026
Commit 11 at Tue Aug 18 08:53:18 UTC 2026
Commit 12 at Tue Aug 18 08:53:23 UTC 2026
Commit 13 at Tue Aug 18 08:53:27 UTC 2026
Commit 14 at Tue Aug 18 08:53:30 UTC 2026
Commit 1 at Tue Aug 18 13:06:53 UTC 2026
Commit 2 at Tue Aug 18 13:06:56 UTC 2026
Commit 3 at Tue Aug 18 13:06:56 UTC 2026
Commit 4 at Tue Aug 18 13:07:01 UTC 2026
Commit 5 at Tue Aug 18 13:07:02 UTC 2026
Commit 6 at Tue Aug 18 13:07:03 UTC 2026
Commit 7 at Tue Aug 18 13:07:10 UTC 2026
Commit 8 at Tue Aug 18 13:07:12 UTC 2026
Commit 9 at Tue Aug 18 13:07:12 UTC 2026
Commit 10 at Tue Aug 18 13:07:17 UTC 2026
Commit 11 at Tue Aug 18 13:07:26 UTC 2026
Commit 12 at Tue Aug 18 13:07:30 UTC 2026
Commit 1 at Tue Aug 18 16:47:29 UTC 2026
Commit 2 at Tue Aug 18 16:47:32 UTC 2026
Commit 3 at Tue Aug 18 16:47:36 UTC 2026
Commit 4 at Tue Aug 18 16:47:37 UTC 2026
Commit 5 at Tue Aug 18 16:47:44 UTC 2026
Commit 6 at Tue Aug 18 16:47:48 UTC 2026
Commit 7 at Tue Aug 18 16:47:53 UTC 2026
Commit 8 at Tue Aug 18 16:48:02 UTC 2026
Commit 9 at Tue Aug 18 16:48:10 UTC 2026
Commit 10 at Tue Aug 18 16:48:18 UTC 2026
Commit 11 at Tue Aug 18 16:48:27 UTC 2026
Commit 1 at Tue Aug 18 20:39:44 UTC 2026
Commit 2 at Tue Aug 18 20:39:53 UTC 2026
Commit 3 at Tue Aug 18 20:39:54 UTC 2026
Commit 4 at Tue Aug 18 20:39:55 UTC 2026
Commit 5 at Tue Aug 18 20:40:04 UTC 2026
Commit 6 at Tue Aug 18 20:40:04 UTC 2026
Commit 7 at Tue Aug 18 20:40:08 UTC 2026
Commit 8 at Tue Aug 18 20:40:11 UTC 2026
Commit 9 at Tue Aug 18 20:40:15 UTC 2026
Commit 1 at Wed Aug 19 01:52:14 UTC 2026
Commit 1 at Wed Aug 19 04:50:59 UTC 2026
Commit 2 at Wed Aug 19 04:51:07 UTC 2026
Commit 3 at Wed Aug 19 04:51:13 UTC 2026
Commit 4 at Wed Aug 19 04:51:15 UTC 2026
Commit 5 at Wed Aug 19 04:51:16 UTC 2026
Commit 6 at Wed Aug 19 04:51:25 UTC 2026
Commit 7 at Wed Aug 19 04:51:33 UTC 2026
Commit 8 at Wed Aug 19 04:51:39 UTC 2026
Commit 9 at Wed Aug 19 04:51:48 UTC 2026
Commit 10 at Wed Aug 19 04:51:52 UTC 2026
Commit 1 at Wed Aug 19 08:53:49 UTC 2026
Commit 2 at Wed Aug 19 08:53:58 UTC 2026
Commit 3 at Wed Aug 19 08:54:05 UTC 2026
Commit 4 at Wed Aug 19 08:54:09 UTC 2026
Commit 5 at Wed Aug 19 08:54:16 UTC 2026
Commit 6 at Wed Aug 19 08:54:19 UTC 2026
Commit 7 at Wed Aug 19 08:54:22 UTC 2026
Commit 8 at Wed Aug 19 08:54:25 UTC 2026
Commit 9 at Wed Aug 19 08:54:28 UTC 2026
Commit 1 at Wed Aug 19 13:07:23 UTC 2026
Commit 2 at Wed Aug 19 13:07:28 UTC 2026
Commit 3 at Wed Aug 19 13:07:29 UTC 2026
Commit 4 at Wed Aug 19 13:07:35 UTC 2026
Commit 5 at Wed Aug 19 13:07:41 UTC 2026
Commit 6 at Wed Aug 19 13:07:47 UTC 2026
Commit 7 at Wed Aug 19 13:07:48 UTC 2026
Commit 8 at Wed Aug 19 13:07:53 UTC 2026
Commit 9 at Wed Aug 19 13:07:54 UTC 2026
Commit 10 at Wed Aug 19 13:08:00 UTC 2026
Commit 11 at Wed Aug 19 13:08:03 UTC 2026
Commit 1 at Wed Aug 19 16:45:44 UTC 2026
Commit 2 at Wed Aug 19 16:45:48 UTC 2026
Commit 3 at Wed Aug 19 16:45:56 UTC 2026
Commit 4 at Wed Aug 19 16:46:04 UTC 2026
Commit 5 at Wed Aug 19 16:46:06 UTC 2026
Commit 6 at Wed Aug 19 16:46:12 UTC 2026
Commit 7 at Wed Aug 19 16:46:13 UTC 2026
Commit 8 at Wed Aug 19 16:46:13 UTC 2026
Commit 9 at Wed Aug 19 16:46:18 UTC 2026
Commit 10 at Wed Aug 19 16:46:20 UTC 2026
Commit 11 at Wed Aug 19 16:46:21 UTC 2026
Commit 12 at Wed Aug 19 16:46:29 UTC 2026
Commit 13 at Wed Aug 19 16:46:37 UTC 2026
Commit 1 at Wed Aug 19 20:44:30 UTC 2026
Commit 2 at Wed Aug 19 20:44:33 UTC 2026
Commit 3 at Wed Aug 19 20:44:36 UTC 2026
Commit 4 at Wed Aug 19 20:44:44 UTC 2026
Commit 5 at Wed Aug 19 20:44:47 UTC 2026
Commit 6 at Wed Aug 19 20:44:51 UTC 2026
Commit 7 at Wed Aug 19 20:45:00 UTC 2026
Commit 8 at Wed Aug 19 20:45:08 UTC 2026
Commit 9 at Wed Aug 19 20:45:08 UTC 2026
Commit 1 at Thu Aug 20 01:50:41 UTC 2026
Commit 1 at Thu Aug 20 04:52:11 UTC 2026
Commit 2 at Thu Aug 20 04:52:12 UTC 2026
Commit 3 at Thu Aug 20 04:52:20 UTC 2026
Commit 4 at Thu Aug 20 04:52:22 UTC 2026
Commit 5 at Thu Aug 20 04:52:27 UTC 2026
Commit 6 at Thu Aug 20 04:52:33 UTC 2026
Commit 1 at Thu Aug 20 08:55:53 UTC 2026
Commit 2 at Thu Aug 20 08:55:53 UTC 2026
Commit 3 at Thu Aug 20 08:56:01 UTC 2026
Commit 4 at Thu Aug 20 08:56:06 UTC 2026
Commit 5 at Thu Aug 20 08:56:12 UTC 2026
Commit 6 at Thu Aug 20 08:56:15 UTC 2026
Commit 7 at Thu Aug 20 08:56:15 UTC 2026
Commit 8 at Thu Aug 20 08:56:24 UTC 2026
Commit 1 at Thu Aug 20 13:09:54 UTC 2026
Commit 1 at Thu Aug 20 16:49:42 UTC 2026
Commit 2 at Thu Aug 20 16:49:46 UTC 2026
Commit 3 at Thu Aug 20 16:49:52 UTC 2026
Commit 4 at Thu Aug 20 16:49:52 UTC 2026
Commit 5 at Thu Aug 20 16:49:58 UTC 2026
Commit 6 at Thu Aug 20 16:50:03 UTC 2026
Commit 7 at Thu Aug 20 16:50:10 UTC 2026
Commit 8 at Thu Aug 20 16:50:13 UTC 2026
Commit 9 at Thu Aug 20 16:50:13 UTC 2026
Commit 10 at Thu Aug 20 16:50:21 UTC 2026
Commit 11 at Thu Aug 20 16:50:25 UTC 2026
Commit 12 at Thu Aug 20 16:50:32 UTC 2026
Commit 1 at Thu Aug 20 20:45:31 UTC 2026
Commit 2 at Thu Aug 20 20:45:36 UTC 2026
Commit 3 at Thu Aug 20 20:45:39 UTC 2026
Commit 4 at Thu Aug 20 20:45:40 UTC 2026
Commit 5 at Thu Aug 20 20:45:49 UTC 2026
Commit 6 at Thu Aug 20 20:45:53 UTC 2026
Commit 7 at Thu Aug 20 20:46:02 UTC 2026
Commit 8 at Thu Aug 20 20:46:10 UTC 2026
Commit 9 at Thu Aug 20 20:46:10 UTC 2026
Commit 10 at Thu Aug 20 20:46:17 UTC 2026
Commit 11 at Thu Aug 20 20:46:18 UTC 2026
Commit 1 at Fri Aug 21 01:56:34 UTC 2026
Commit 2 at Fri Aug 21 01:56:43 UTC 2026
Commit 3 at Fri Aug 21 01:56:47 UTC 2026
Commit 4 at Fri Aug 21 01:56:54 UTC 2026
Commit 5 at Fri Aug 21 01:57:01 UTC 2026
Commit 6 at Fri Aug 21 01:57:03 UTC 2026
Commit 7 at Fri Aug 21 01:57:06 UTC 2026
Commit 8 at Fri Aug 21 01:57:11 UTC 2026
Commit 9 at Fri Aug 21 01:57:11 UTC 2026
Commit 10 at Fri Aug 21 01:57:14 UTC 2026
Commit 11 at Fri Aug 21 01:57:17 UTC 2026
Commit 12 at Fri Aug 21 01:57:25 UTC 2026
Commit 13 at Fri Aug 21 01:57:25 UTC 2026
Commit 14 at Fri Aug 21 01:57:33 UTC 2026
Commit 1 at Fri Aug 21 04:53:16 UTC 2026
Commit 2 at Fri Aug 21 04:53:16 UTC 2026
Commit 3 at Fri Aug 21 04:53:18 UTC 2026
Commit 4 at Fri Aug 21 04:53:20 UTC 2026
Commit 5 at Fri Aug 21 04:53:28 UTC 2026
Commit 6 at Fri Aug 21 04:53:29 UTC 2026
Commit 7 at Fri Aug 21 04:53:33 UTC 2026
Commit 8 at Fri Aug 21 04:53:33 UTC 2026
Commit 9 at Fri Aug 21 04:53:38 UTC 2026
Commit 10 at Fri Aug 21 04:53:45 UTC 2026
Commit 11 at Fri Aug 21 04:53:51 UTC 2026
Commit 12 at Fri Aug 21 04:53:51 UTC 2026
Commit 1 at Fri Aug 21 08:57:14 UTC 2026
Commit 2 at Fri Aug 21 08:57:21 UTC 2026
Commit 3 at Fri Aug 21 08:57:21 UTC 2026
Commit 4 at Fri Aug 21 08:57:28 UTC 2026
Commit 5 at Fri Aug 21 08:57:30 UTC 2026
Commit 6 at Fri Aug 21 08:57:39 UTC 2026
Commit 7 at Fri Aug 21 08:57:46 UTC 2026
Commit 8 at Fri Aug 21 08:57:49 UTC 2026
Commit 9 at Fri Aug 21 08:57:56 UTC 2026
Commit 10 at Fri Aug 21 08:58:03 UTC 2026
Commit 1 at Fri Aug 21 13:09:57 UTC 2026
Commit 2 at Fri Aug 21 13:10:05 UTC 2026
Commit 3 at Fri Aug 21 13:10:13 UTC 2026
Commit 4 at Fri Aug 21 13:10:15 UTC 2026
Commit 5 at Fri Aug 21 13:10:16 UTC 2026
Commit 6 at Fri Aug 21 13:10:21 UTC 2026
Commit 7 at Fri Aug 21 13:10:21 UTC 2026
Commit 8 at Fri Aug 21 13:10:24 UTC 2026
Commit 9 at Fri Aug 21 13:10:25 UTC 2026
Commit 10 at Fri Aug 21 13:10:32 UTC 2026
Commit 11 at Fri Aug 21 13:10:35 UTC 2026
Commit 12 at Fri Aug 21 13:10:39 UTC 2026
Commit 13 at Fri Aug 21 13:10:40 UTC 2026
Commit 14 at Fri Aug 21 13:10:48 UTC 2026
Commit 1 at Fri Aug 21 16:50:07 UTC 2026
Commit 1 at Fri Aug 21 20:40:08 UTC 2026
Commit 2 at Fri Aug 21 20:40:11 UTC 2026
Commit 3 at Fri Aug 21 20:40:18 UTC 2026
Commit 4 at Fri Aug 21 20:40:18 UTC 2026
Commit 5 at Fri Aug 21 20:40:21 UTC 2026
Commit 6 at Fri Aug 21 20:40:24 UTC 2026
Commit 7 at Fri Aug 21 20:40:27 UTC 2026
Commit 8 at Fri Aug 21 20:40:31 UTC 2026
Commit 9 at Fri Aug 21 20:40:32 UTC 2026
Commit 10 at Fri Aug 21 20:40:36 UTC 2026
Commit 11 at Fri Aug 21 20:40:37 UTC 2026
Commit 12 at Fri Aug 21 20:40:39 UTC 2026
Commit 13 at Fri Aug 21 20:40:47 UTC 2026
Commit 1 at Sat Aug 22 01:49:23 UTC 2026
Commit 2 at Sat Aug 22 01:49:23 UTC 2026
Commit 3 at Sat Aug 22 01:49:25 UTC 2026
Commit 4 at Sat Aug 22 01:49:26 UTC 2026
Commit 5 at Sat Aug 22 01:49:28 UTC 2026
Commit 6 at Sat Aug 22 01:49:32 UTC 2026
Commit 7 at Sat Aug 22 01:49:34 UTC 2026
Commit 8 at Sat Aug 22 01:49:42 UTC 2026
Commit 9 at Sat Aug 22 01:49:46 UTC 2026
Commit 10 at Sat Aug 22 01:49:49 UTC 2026
Commit 11 at Sat Aug 22 01:49:49 UTC 2026
Commit 12 at Sat Aug 22 01:49:53 UTC 2026
Commit 13 at Sat Aug 22 01:50:01 UTC 2026
Commit 1 at Sat Aug 22 04:48:13 UTC 2026
Commit 2 at Sat Aug 22 04:48:14 UTC 2026
Commit 3 at Sat Aug 22 04:48:17 UTC 2026
Commit 4 at Sat Aug 22 04:48:26 UTC 2026
Commit 5 at Sat Aug 22 04:48:31 UTC 2026
Commit 6 at Sat Aug 22 04:48:38 UTC 2026
Commit 7 at Sat Aug 22 04:48:41 UTC 2026
Commit 8 at Sat Aug 22 04:48:48 UTC 2026
Commit 9 at Sat Aug 22 04:48:51 UTC 2026
Commit 10 at Sat Aug 22 04:48:52 UTC 2026
Commit 1 at Sat Aug 22 08:47:02 UTC 2026
Commit 2 at Sat Aug 22 08:47:04 UTC 2026
Commit 3 at Sat Aug 22 08:47:04 UTC 2026
Commit 4 at Sat Aug 22 08:47:13 UTC 2026
Commit 5 at Sat Aug 22 08:47:14 UTC 2026
Commit 6 at Sat Aug 22 08:47:18 UTC 2026
Commit 7 at Sat Aug 22 08:47:22 UTC 2026
Commit 1 at Sat Aug 22 12:59:27 UTC 2026
Commit 2 at Sat Aug 22 12:59:35 UTC 2026
Commit 1 at Sat Aug 22 16:39:31 UTC 2026
Commit 2 at Sat Aug 22 16:39:39 UTC 2026
Commit 3 at Sat Aug 22 16:39:41 UTC 2026
Commit 4 at Sat Aug 22 16:39:49 UTC 2026
Commit 5 at Sat Aug 22 16:39:53 UTC 2026
Commit 6 at Sat Aug 22 16:39:58 UTC 2026
Commit 7 at Sat Aug 22 16:40:01 UTC 2026
Commit 8 at Sat Aug 22 16:40:10 UTC 2026
Commit 9 at Sat Aug 22 16:40:18 UTC 2026
Commit 10 at Sat Aug 22 16:40:18 UTC 2026
Commit 11 at Sat Aug 22 16:40:24 UTC 2026
Commit 12 at Sat Aug 22 16:40:31 UTC 2026
Commit 13 at Sat Aug 22 16:40:31 UTC 2026
Commit 14 at Sat Aug 22 16:40:34 UTC 2026
Commit 1 at Sat Aug 22 20:38:22 UTC 2026
Commit 2 at Sat Aug 22 20:38:31 UTC 2026
Commit 3 at Sat Aug 22 20:38:34 UTC 2026
Commit 4 at Sat Aug 22 20:38:41 UTC 2026
Commit 5 at Sat Aug 22 20:38:49 UTC 2026
Commit 6 at Sat Aug 22 20:38:53 UTC 2026
Commit 7 at Sat Aug 22 20:38:56 UTC 2026
Commit 8 at Sat Aug 22 20:39:02 UTC 2026
Commit 1 at Sun Aug 23 01:58:36 UTC 2026
Commit 2 at Sun Aug 23 01:58:44 UTC 2026
Commit 3 at Sun Aug 23 01:58:51 UTC 2026
Commit 4 at Sun Aug 23 01:58:52 UTC 2026
Commit 5 at Sun Aug 23 01:59:01 UTC 2026
Commit 6 at Sun Aug 23 01:59:01 UTC 2026
Commit 7 at Sun Aug 23 01:59:08 UTC 2026
Commit 8 at Sun Aug 23 01:59:16 UTC 2026
Commit 9 at Sun Aug 23 01:59:19 UTC 2026
Commit 10 at Sun Aug 23 01:59:22 UTC 2026
Commit 11 at Sun Aug 23 01:59:22 UTC 2026
Commit 12 at Sun Aug 23 01:59:23 UTC 2026
Commit 1 at Sun Aug 23 04:51:27 UTC 2026
Commit 2 at Sun Aug 23 04:51:34 UTC 2026
Commit 3 at Sun Aug 23 04:51:40 UTC 2026
Commit 4 at Sun Aug 23 04:51:44 UTC 2026
Commit 5 at Sun Aug 23 04:51:49 UTC 2026
Commit 6 at Sun Aug 23 04:51:55 UTC 2026
Commit 7 at Sun Aug 23 04:52:01 UTC 2026
Commit 8 at Sun Aug 23 04:52:07 UTC 2026
Commit 9 at Sun Aug 23 04:52:12 UTC 2026
Commit 10 at Sun Aug 23 04:52:13 UTC 2026
Commit 11 at Sun Aug 23 04:52:21 UTC 2026
Commit 12 at Sun Aug 23 04:52:23 UTC 2026
Commit 1 at Sun Aug 23 08:47:49 UTC 2026
Commit 2 at Sun Aug 23 08:47:54 UTC 2026
Commit 3 at Sun Aug 23 08:47:56 UTC 2026
Commit 4 at Sun Aug 23 08:48:00 UTC 2026
Commit 5 at Sun Aug 23 08:48:03 UTC 2026
Commit 1 at Sun Aug 23 13:01:06 UTC 2026
Commit 2 at Sun Aug 23 13:01:07 UTC 2026
Commit 3 at Sun Aug 23 13:01:12 UTC 2026
Commit 4 at Sun Aug 23 13:01:12 UTC 2026
Commit 5 at Sun Aug 23 13:01:13 UTC 2026
Commit 6 at Sun Aug 23 13:01:13 UTC 2026
Commit 7 at Sun Aug 23 13:01:13 UTC 2026
Commit 8 at Sun Aug 23 13:01:22 UTC 2026
Commit 1 at Sun Aug 23 16:42:11 UTC 2026
Commit 2 at Sun Aug 23 16:42:13 UTC 2026
Commit 3 at Sun Aug 23 16:42:15 UTC 2026
Commit 4 at Sun Aug 23 16:42:23 UTC 2026
Commit 5 at Sun Aug 23 16:42:26 UTC 2026
Commit 6 at Sun Aug 23 16:42:28 UTC 2026
Commit 7 at Sun Aug 23 16:42:36 UTC 2026
Commit 8 at Sun Aug 23 16:42:45 UTC 2026
Commit 9 at Sun Aug 23 16:42:53 UTC 2026
Commit 10 at Sun Aug 23 16:42:55 UTC 2026
Commit 11 at Sun Aug 23 16:42:55 UTC 2026
Commit 12 at Sun Aug 23 16:43:01 UTC 2026
Commit 13 at Sun Aug 23 16:43:09 UTC 2026
Commit 14 at Sun Aug 23 16:43:15 UTC 2026
Commit 15 at Sun Aug 23 16:43:19 UTC 2026
Commit 1 at Sun Aug 23 20:38:26 UTC 2026
Commit 2 at Sun Aug 23 20:38:35 UTC 2026
Commit 3 at Sun Aug 23 20:38:41 UTC 2026
Commit 4 at Sun Aug 23 20:38:49 UTC 2026
Commit 5 at Sun Aug 23 20:38:54 UTC 2026
Commit 6 at Sun Aug 23 20:39:01 UTC 2026
Commit 7 at Sun Aug 23 20:39:08 UTC 2026
Commit 8 at Sun Aug 23 20:39:13 UTC 2026
Commit 9 at Sun Aug 23 20:39:15 UTC 2026
Commit 1 at Mon Aug 24 01:56:47 UTC 2026
Commit 2 at Mon Aug 24 01:56:53 UTC 2026
Commit 3 at Mon Aug 24 01:56:59 UTC 2026
Commit 4 at Mon Aug 24 01:56:59 UTC 2026
Commit 5 at Mon Aug 24 01:56:59 UTC 2026
Commit 6 at Mon Aug 24 01:57:08 UTC 2026
Commit 7 at Mon Aug 24 01:57:09 UTC 2026
Commit 8 at Mon Aug 24 01:57:12 UTC 2026
Commit 9 at Mon Aug 24 01:57:16 UTC 2026
Commit 1 at Mon Aug 24 05:00:36 UTC 2026
Commit 2 at Mon Aug 24 05:00:45 UTC 2026
Commit 3 at Mon Aug 24 05:00:53 UTC 2026
Commit 4 at Mon Aug 24 05:00:55 UTC 2026
Commit 5 at Mon Aug 24 05:00:59 UTC 2026
Commit 6 at Mon Aug 24 05:00:59 UTC 2026
Commit 1 at Mon Aug 24 09:03:38 UTC 2026
Commit 2 at Mon Aug 24 09:03:45 UTC 2026
Commit 3 at Mon Aug 24 09:03:52 UTC 2026
Commit 4 at Mon Aug 24 09:03:55 UTC 2026
Commit 5 at Mon Aug 24 09:04:04 UTC 2026
Commit 6 at Mon Aug 24 09:04:08 UTC 2026
Commit 7 at Mon Aug 24 09:04:12 UTC 2026
Commit 8 at Mon Aug 24 09:04:16 UTC 2026
Commit 9 at Mon Aug 24 09:04:16 UTC 2026
Commit 10 at Mon Aug 24 09:04:19 UTC 2026
Commit 11 at Mon Aug 24 09:04:28 UTC 2026
Commit 12 at Mon Aug 24 09:04:29 UTC 2026
Commit 13 at Mon Aug 24 09:04:36 UTC 2026
Commit 14 at Mon Aug 24 09:04:44 UTC 2026
Commit 1 at Mon Aug 24 13:11:48 UTC 2026
Commit 1 at Mon Aug 24 16:54:03 UTC 2026
Commit 2 at Mon Aug 24 16:54:10 UTC 2026
Commit 3 at Mon Aug 24 16:54:12 UTC 2026
Commit 4 at Mon Aug 24 16:54:21 UTC 2026
Commit 5 at Mon Aug 24 16:54:29 UTC 2026
Commit 6 at Mon Aug 24 16:54:29 UTC 2026
Commit 7 at Mon Aug 24 16:54:30 UTC 2026
Commit 1 at Mon Aug 24 20:47:18 UTC 2026
Commit 2 at Mon Aug 24 20:47:21 UTC 2026
Commit 3 at Mon Aug 24 20:47:24 UTC 2026
Commit 4 at Mon Aug 24 20:47:25 UTC 2026
Commit 5 at Mon Aug 24 20:47:31 UTC 2026
Commit 6 at Mon Aug 24 20:47:33 UTC 2026
Commit 7 at Mon Aug 24 20:47:38 UTC 2026
Commit 8 at Mon Aug 24 20:47:41 UTC 2026
Commit 9 at Mon Aug 24 20:47:42 UTC 2026
Commit 10 at Mon Aug 24 20:47:46 UTC 2026
Commit 11 at Mon Aug 24 20:47:51 UTC 2026
Commit 12 at Mon Aug 24 20:47:53 UTC 2026
Commit 13 at Mon Aug 24 20:48:00 UTC 2026
Commit 14 at Mon Aug 24 20:48:09 UTC 2026
Commit 15 at Mon Aug 24 20:48:13 UTC 2026
Commit 1 at Tue Aug 25 01:51:29 UTC 2026
Commit 2 at Tue Aug 25 01:51:29 UTC 2026
Commit 3 at Tue Aug 25 01:51:38 UTC 2026
Commit 4 at Tue Aug 25 01:51:47 UTC 2026
Commit 5 at Tue Aug 25 01:51:56 UTC 2026
Commit 6 at Tue Aug 25 01:52:00 UTC 2026
Commit 7 at Tue Aug 25 01:52:01 UTC 2026
Commit 1 at Tue Aug 25 04:52:54 UTC 2026
Commit 2 at Tue Aug 25 04:53:00 UTC 2026
Commit 3 at Tue Aug 25 04:53:00 UTC 2026
Commit 4 at Tue Aug 25 04:53:07 UTC 2026
Commit 5 at Tue Aug 25 04:53:13 UTC 2026
Commit 6 at Tue Aug 25 04:53:13 UTC 2026
Commit 7 at Tue Aug 25 04:53:19 UTC 2026
Commit 8 at Tue Aug 25 04:53:27 UTC 2026
Commit 9 at Tue Aug 25 04:53:35 UTC 2026
Commit 10 at Tue Aug 25 04:53:36 UTC 2026
Commit 11 at Tue Aug 25 04:53:37 UTC 2026
Commit 1 at Tue Aug 25 08:59:00 UTC 2026
Commit 2 at Tue Aug 25 08:59:01 UTC 2026
Commit 3 at Tue Aug 25 08:59:03 UTC 2026
Commit 4 at Tue Aug 25 08:59:12 UTC 2026
Commit 5 at Tue Aug 25 08:59:18 UTC 2026
Commit 6 at Tue Aug 25 08:59:20 UTC 2026
Commit 7 at Tue Aug 25 08:59:24 UTC 2026
Commit 1 at Tue Aug 25 13:10:23 UTC 2026
Commit 2 at Tue Aug 25 13:10:26 UTC 2026
Commit 3 at Tue Aug 25 13:10:28 UTC 2026
Commit 4 at Tue Aug 25 13:10:31 UTC 2026
Commit 5 at Tue Aug 25 13:10:39 UTC 2026
Commit 6 at Tue Aug 25 13:10:43 UTC 2026
Commit 7 at Tue Aug 25 13:10:47 UTC 2026
Commit 8 at Tue Aug 25 13:10:54 UTC 2026
Commit 9 at Tue Aug 25 13:10:56 UTC 2026
Commit 10 at Tue Aug 25 13:11:04 UTC 2026
Commit 1 at Tue Aug 25 16:54:21 UTC 2026
Commit 2 at Tue Aug 25 16:54:30 UTC 2026
Commit 3 at Tue Aug 25 16:54:35 UTC 2026
Commit 4 at Tue Aug 25 16:54:42 UTC 2026
Commit 1 at Tue Aug 25 20:44:49 UTC 2026
Commit 2 at Tue Aug 25 20:44:56 UTC 2026
Commit 3 at Tue Aug 25 20:45:02 UTC 2026
Commit 4 at Tue Aug 25 20:45:03 UTC 2026
Commit 5 at Tue Aug 25 20:45:08 UTC 2026
Commit 1 at Wed Aug 26 01:57:26 UTC 2026
Commit 2 at Wed Aug 26 01:57:29 UTC 2026
Commit 3 at Wed Aug 26 01:57:36 UTC 2026
Commit 4 at Wed Aug 26 01:57:40 UTC 2026
Commit 5 at Wed Aug 26 01:57:44 UTC 2026
Commit 1 at Wed Aug 26 04:54:53 UTC 2026
Commit 2 at Wed Aug 26 04:54:57 UTC 2026
Commit 3 at Wed Aug 26 04:54:59 UTC 2026
Commit 4 at Wed Aug 26 04:55:08 UTC 2026
Commit 5 at Wed Aug 26 04:55:09 UTC 2026
Commit 6 at Wed Aug 26 04:55:12 UTC 2026
Commit 7 at Wed Aug 26 04:55:14 UTC 2026
Commit 8 at Wed Aug 26 04:55:17 UTC 2026
Commit 9 at Wed Aug 26 04:55:25 UTC 2026
Commit 10 at Wed Aug 26 04:55:25 UTC 2026
Commit 11 at Wed Aug 26 04:55:28 UTC 2026
Commit 12 at Wed Aug 26 04:55:34 UTC 2026
Commit 13 at Wed Aug 26 04:55:40 UTC 2026
Commit 14 at Wed Aug 26 04:55:42 UTC 2026
Commit 1 at Wed Aug 26 09:01:31 UTC 2026
Commit 2 at Wed Aug 26 09:01:33 UTC 2026
Commit 1 at Wed Aug 26 13:15:30 UTC 2026
Commit 2 at Wed Aug 26 13:15:37 UTC 2026
Commit 3 at Wed Aug 26 13:15:45 UTC 2026
Commit 4 at Wed Aug 26 13:15:50 UTC 2026
Commit 5 at Wed Aug 26 13:15:53 UTC 2026
Commit 6 at Wed Aug 26 13:15:54 UTC 2026
Commit 7 at Wed Aug 26 13:16:03 UTC 2026
Commit 8 at Wed Aug 26 13:16:10 UTC 2026
Commit 9 at Wed Aug 26 13:16:10 UTC 2026
Commit 10 at Wed Aug 26 13:16:14 UTC 2026
Commit 11 at Wed Aug 26 13:16:23 UTC 2026
Commit 12 at Wed Aug 26 13:16:24 UTC 2026
Commit 13 at Wed Aug 26 13:16:24 UTC 2026
Commit 14 at Wed Aug 26 13:16:29 UTC 2026
Commit 1 at Wed Aug 26 16:58:24 UTC 2026
Commit 2 at Wed Aug 26 16:58:27 UTC 2026
Commit 3 at Wed Aug 26 16:58:29 UTC 2026
Commit 4 at Wed Aug 26 16:58:33 UTC 2026
Commit 5 at Wed Aug 26 16:58:38 UTC 2026
Commit 6 at Wed Aug 26 16:58:38 UTC 2026
Commit 1 at Wed Aug 26 23:31:35 UTC 2026
Commit 2 at Wed Aug 26 23:31:39 UTC 2026
Commit 3 at Wed Aug 26 23:31:48 UTC 2026
Commit 4 at Wed Aug 26 23:31:50 UTC 2026
Commit 5 at Wed Aug 26 23:31:53 UTC 2026
Commit 6 at Wed Aug 26 23:31:57 UTC 2026
Commit 1 at Thu Aug 27 09:47:04 UTC 2026
Commit 2 at Thu Aug 27 09:47:07 UTC 2026
Commit 3 at Thu Aug 27 09:47:08 UTC 2026
Commit 4 at Thu Aug 27 09:47:11 UTC 2026
Commit 5 at Thu Aug 27 09:47:20 UTC 2026
Commit 6 at Thu Aug 27 09:47:25 UTC 2026
Commit 7 at Thu Aug 27 09:47:34 UTC 2026
Commit 8 at Thu Aug 27 09:47:41 UTC 2026
Commit 9 at Thu Aug 27 09:47:49 UTC 2026
Commit 10 at Thu Aug 27 09:47:56 UTC 2026
Commit 11 at Thu Aug 27 09:47:57 UTC 2026
Commit 1 at Thu Aug 27 22:15:11 UTC 2026
Commit 2 at Thu Aug 27 22:15:14 UTC 2026
Commit 3 at Thu Aug 27 22:15:19 UTC 2026
Commit 4 at Thu Aug 27 22:15:27 UTC 2026
Commit 5 at Thu Aug 27 22:15:27 UTC 2026
Commit 6 at Thu Aug 27 22:15:33 UTC 2026
Commit 7 at Thu Aug 27 22:15:33 UTC 2026
Commit 8 at Thu Aug 27 22:15:40 UTC 2026
Commit 9 at Thu Aug 27 22:15:41 UTC 2026
Commit 10 at Thu Aug 27 22:15:45 UTC 2026
Commit 11 at Thu Aug 27 22:15:54 UTC 2026
Commit 12 at Thu Aug 27 22:16:03 UTC 2026
Commit 13 at Thu Aug 27 22:16:06 UTC 2026
Commit 14 at Thu Aug 27 22:16:08 UTC 2026
Commit 15 at Thu Aug 27 22:16:09 UTC 2026
Commit 1 at Fri Aug 28 11:22:20 UTC 2026
Commit 2 at Fri Aug 28 11:22:28 UTC 2026
Commit 3 at Fri Aug 28 11:22:33 UTC 2026
Commit 4 at Fri Aug 28 11:22:34 UTC 2026
Commit 5 at Fri Aug 28 11:22:43 UTC 2026
Commit 6 at Fri Aug 28 11:22:51 UTC 2026
Commit 7 at Fri Aug 28 11:22:55 UTC 2026
Commit 1 at Fri Aug 28 22:18:39 UTC 2026
Commit 2 at Fri Aug 28 22:18:44 UTC 2026
Commit 3 at Fri Aug 28 22:18:50 UTC 2026
Commit 4 at Fri Aug 28 22:18:59 UTC 2026
Commit 5 at Fri Aug 28 22:19:05 UTC 2026
Commit 1 at Sat Aug 29 07:03:31 UTC 2026
Commit 2 at Sat Aug 29 07:03:33 UTC 2026
Commit 3 at Sat Aug 29 07:03:42 UTC 2026
Commit 1 at Sat Aug 29 13:49:42 UTC 2026
Commit 2 at Sat Aug 29 13:49:47 UTC 2026
Commit 3 at Sat Aug 29 13:49:49 UTC 2026
Commit 4 at Sat Aug 29 13:49:56 UTC 2026
Commit 5 at Sat Aug 29 13:50:03 UTC 2026
Commit 6 at Sat Aug 29 13:50:03 UTC 2026
Commit 7 at Sat Aug 29 13:50:08 UTC 2026
Commit 8 at Sat Aug 29 13:50:14 UTC 2026
Commit 9 at Sat Aug 29 13:50:17 UTC 2026
Commit 10 at Sat Aug 29 13:50:20 UTC 2026
Commit 11 at Sat Aug 29 13:50:28 UTC 2026
Commit 1 at Sat Aug 29 19:24:07 UTC 2026
Commit 2 at Sat Aug 29 19:24:07 UTC 2026
Commit 3 at Sat Aug 29 19:24:11 UTC 2026
Commit 4 at Sat Aug 29 19:24:18 UTC 2026
Commit 5 at Sat Aug 29 19:24:26 UTC 2026
Commit 6 at Sat Aug 29 19:24:27 UTC 2026
Commit 7 at Sat Aug 29 19:24:31 UTC 2026
Commit 8 at Sat Aug 29 19:24:35 UTC 2026
Commit 9 at Sat Aug 29 19:24:36 UTC 2026
Commit 10 at Sat Aug 29 19:24:42 UTC 2026
Commit 11 at Sat Aug 29 19:24:47 UTC 2026
Commit 12 at Sat Aug 29 19:24:49 UTC 2026
Commit 13 at Sat Aug 29 19:24:53 UTC 2026
Commit 1 at Sat Aug 29 22:39:21 UTC 2026
Commit 2 at Sat Aug 29 22:39:29 UTC 2026
Commit 3 at Sat Aug 29 22:39:37 UTC 2026
Commit 4 at Sat Aug 29 22:39:43 UTC 2026
Commit 5 at Sat Aug 29 22:39:48 UTC 2026
Commit 6 at Sat Aug 29 22:39:52 UTC 2026
Commit 7 at Sat Aug 29 22:39:59 UTC 2026
Commit 8 at Sat Aug 29 22:40:00 UTC 2026
Commit 9 at Sat Aug 29 22:40:01 UTC 2026
Commit 10 at Sat Aug 29 22:40:10 UTC 2026
Commit 1 at Sun Aug 30 05:23:26 UTC 2026
Commit 2 at Sun Aug 30 05:23:28 UTC 2026
Commit 3 at Sun Aug 30 05:23:35 UTC 2026
Commit 4 at Sun Aug 30 05:23:38 UTC 2026
Commit 5 at Sun Aug 30 05:23:45 UTC 2026
Commit 1 at Sun Aug 30 13:47:33 UTC 2026
Commit 2 at Sun Aug 30 13:47:35 UTC 2026
Commit 3 at Sun Aug 30 13:47:37 UTC 2026
Commit 1 at Sun Aug 30 19:18:33 UTC 2026
Commit 2 at Sun Aug 30 19:18:40 UTC 2026
Commit 3 at Sun Aug 30 19:18:45 UTC 2026
Commit 1 at Sun Aug 30 22:43:47 UTC 2026
Commit 2 at Sun Aug 30 22:43:53 UTC 2026
Commit 3 at Sun Aug 30 22:43:56 UTC 2026
Commit 4 at Sun Aug 30 22:44:00 UTC 2026
Commit 5 at Sun Aug 30 22:44:03 UTC 2026
Commit 6 at Sun Aug 30 22:44:09 UTC 2026
Commit 7 at Sun Aug 30 22:44:09 UTC 2026
Commit 8 at Sun Aug 30 22:44:12 UTC 2026
Commit 9 at Sun Aug 30 22:44:15 UTC 2026
Commit 10 at Sun Aug 30 22:44:15 UTC 2026
Commit 11 at Sun Aug 30 22:44:15 UTC 2026
Commit 1 at Mon Aug 31 05:33:13 UTC 2026
Commit 2 at Mon Aug 31 05:33:21 UTC 2026
Commit 3 at Mon Aug 31 05:33:26 UTC 2026
Commit 4 at Mon Aug 31 05:33:35 UTC 2026
Commit 5 at Mon Aug 31 05:33:39 UTC 2026
Commit 6 at Mon Aug 31 05:33:41 UTC 2026
Commit 7 at Mon Aug 31 05:33:42 UTC 2026
Commit 8 at Mon Aug 31 05:33:44 UTC 2026
Commit 9 at Mon Aug 31 05:33:47 UTC 2026
Commit 10 at Mon Aug 31 05:33:56 UTC 2026
Commit 11 at Mon Aug 31 05:34:00 UTC 2026
Commit 12 at Mon Aug 31 05:34:04 UTC 2026
Commit 1 at Mon Aug 31 16:09:12 UTC 2026
Commit 2 at Mon Aug 31 16:09:13 UTC 2026
Commit 3 at Mon Aug 31 16:09:14 UTC 2026
Commit 4 at Mon Aug 31 16:09:23 UTC 2026
Commit 5 at Mon Aug 31 16:09:24 UTC 2026
Commit 1 at Mon Aug 31 21:27:59 UTC 2026
Commit 2 at Mon Aug 31 21:28:06 UTC 2026
Commit 3 at Mon Aug 31 21:28:10 UTC 2026
Commit 1 at Tue Sep  1 05:06:42 UTC 2026
Commit 2 at Tue Sep  1 05:06:43 UTC 2026
Commit 3 at Tue Sep  1 05:06:46 UTC 2026
Commit 4 at Tue Sep  1 05:06:52 UTC 2026
Commit 5 at Tue Sep  1 05:06:55 UTC 2026
Commit 6 at Tue Sep  1 05:06:57 UTC 2026
Commit 7 at Tue Sep  1 05:06:59 UTC 2026
Commit 8 at Tue Sep  1 05:07:07 UTC 2026
Commit 1 at Tue Sep  1 13:29:26 UTC 2026
Commit 2 at Tue Sep  1 13:29:31 UTC 2026
Commit 3 at Tue Sep  1 13:29:40 UTC 2026
Commit 4 at Tue Sep  1 13:29:47 UTC 2026
Commit 5 at Tue Sep  1 13:29:52 UTC 2026
Commit 6 at Tue Sep  1 13:29:54 UTC 2026
Commit 7 at Tue Sep  1 13:30:03 UTC 2026
Commit 8 at Tue Sep  1 13:30:12 UTC 2026
Commit 9 at Tue Sep  1 13:30:15 UTC 2026
Commit 10 at Tue Sep  1 13:30:18 UTC 2026
Commit 11 at Tue Sep  1 13:30:21 UTC 2026
Commit 12 at Tue Sep  1 13:30:28 UTC 2026
Commit 13 at Tue Sep  1 13:30:36 UTC 2026
Commit 1 at Tue Sep  1 19:23:02 UTC 2026
Commit 2 at Tue Sep  1 19:23:07 UTC 2026
Commit 3 at Tue Sep  1 19:23:14 UTC 2026
Commit 4 at Tue Sep  1 19:23:15 UTC 2026
Commit 5 at Tue Sep  1 19:23:15 UTC 2026
Commit 1 at Tue Sep  1 22:36:04 UTC 2026
Commit 2 at Tue Sep  1 22:36:05 UTC 2026
Commit 3 at Tue Sep  1 22:36:13 UTC 2026
Commit 4 at Tue Sep  1 22:36:21 UTC 2026
Commit 5 at Tue Sep  1 22:36:24 UTC 2026
Commit 6 at Tue Sep  1 22:36:31 UTC 2026
Commit 7 at Tue Sep  1 22:36:31 UTC 2026
Commit 8 at Tue Sep  1 22:36:38 UTC 2026
Commit 9 at Tue Sep  1 22:36:39 UTC 2026
Commit 10 at Tue Sep  1 22:36:39 UTC 2026
Commit 11 at Tue Sep  1 22:36:45 UTC 2026
Commit 12 at Tue Sep  1 22:36:52 UTC 2026
Commit 13 at Tue Sep  1 22:36:56 UTC 2026
Commit 14 at Tue Sep  1 22:36:57 UTC 2026
Commit 1 at Wed Sep  2 04:32:35 UTC 2026
Commit 2 at Wed Sep  2 04:32:40 UTC 2026
Commit 3 at Wed Sep  2 04:32:46 UTC 2026
Commit 4 at Wed Sep  2 04:32:53 UTC 2026
Commit 5 at Wed Sep  2 04:32:58 UTC 2026
Commit 6 at Wed Sep  2 04:33:05 UTC 2026
Commit 7 at Wed Sep  2 04:33:05 UTC 2026
Commit 8 at Wed Sep  2 04:33:08 UTC 2026
Commit 9 at Wed Sep  2 04:33:11 UTC 2026
Commit 10 at Wed Sep  2 04:33:18 UTC 2026
Commit 11 at Wed Sep  2 04:33:26 UTC 2026
Commit 12 at Wed Sep  2 04:33:32 UTC 2026
Commit 13 at Wed Sep  2 04:33:40 UTC 2026
Commit 1 at Wed Sep  2 12:45:56 UTC 2026
Commit 2 at Wed Sep  2 12:46:03 UTC 2026
Commit 3 at Wed Sep  2 12:46:03 UTC 2026
Commit 1 at Wed Sep  2 19:22:44 UTC 2026
Commit 2 at Wed Sep  2 19:22:44 UTC 2026
Commit 3 at Wed Sep  2 19:22:48 UTC 2026
Commit 4 at Wed Sep  2 19:22:56 UTC 2026
Commit 5 at Wed Sep  2 19:22:57 UTC 2026
Commit 6 at Wed Sep  2 19:22:57 UTC 2026
Commit 7 at Wed Sep  2 19:23:04 UTC 2026
Commit 8 at Wed Sep  2 19:23:08 UTC 2026
Commit 9 at Wed Sep  2 19:23:08 UTC 2026
Commit 10 at Wed Sep  2 19:23:16 UTC 2026
Commit 11 at Wed Sep  2 19:23:25 UTC 2026
Commit 12 at Wed Sep  2 19:23:27 UTC 2026
Commit 13 at Wed Sep  2 19:23:28 UTC 2026
Commit 14 at Wed Sep  2 19:23:33 UTC 2026
Commit 15 at Wed Sep  2 19:23:38 UTC 2026
Commit 1 at Wed Sep  2 22:37:57 UTC 2026
Commit 2 at Wed Sep  2 22:37:59 UTC 2026
Commit 1 at Thu Sep  3 04:32:16 UTC 2026
Commit 2 at Thu Sep  3 04:32:24 UTC 2026
Commit 3 at Thu Sep  3 04:32:30 UTC 2026
Commit 4 at Thu Sep  3 04:32:30 UTC 2026
Commit 5 at Thu Sep  3 04:32:36 UTC 2026
Commit 6 at Thu Sep  3 04:32:36 UTC 2026
Commit 7 at Thu Sep  3 04:32:43 UTC 2026
Commit 8 at Thu Sep  3 04:32:47 UTC 2026
Commit 9 at Thu Sep  3 04:32:47 UTC 2026
Commit 10 at Thu Sep  3 04:32:47 UTC 2026
Commit 11 at Thu Sep  3 04:32:49 UTC 2026
Commit 12 at Thu Sep  3 04:32:54 UTC 2026
Commit 13 at Thu Sep  3 04:32:55 UTC 2026
Commit 1 at Thu Sep  3 12:48:58 UTC 2026
Commit 2 at Thu Sep  3 12:49:00 UTC 2026
Commit 3 at Thu Sep  3 12:49:01 UTC 2026
Commit 1 at Thu Sep  3 19:17:21 UTC 2026
Commit 2 at Thu Sep  3 19:17:27 UTC 2026
Commit 3 at Thu Sep  3 19:17:33 UTC 2026
Commit 4 at Thu Sep  3 19:17:40 UTC 2026
Commit 5 at Thu Sep  3 19:17:49 UTC 2026
Commit 6 at Thu Sep  3 19:17:58 UTC 2026
Commit 7 at Thu Sep  3 19:17:58 UTC 2026
Commit 8 at Thu Sep  3 19:17:59 UTC 2026
Commit 9 at Thu Sep  3 19:18:00 UTC 2026
Commit 10 at Thu Sep  3 19:18:02 UTC 2026
Commit 11 at Thu Sep  3 19:18:04 UTC 2026
Commit 12 at Thu Sep  3 19:18:12 UTC 2026
Commit 13 at Thu Sep  3 19:18:16 UTC 2026
Commit 1 at Thu Sep  3 22:34:45 UTC 2026
Commit 2 at Thu Sep  3 22:34:50 UTC 2026
Commit 3 at Thu Sep  3 22:34:50 UTC 2026
Commit 4 at Thu Sep  3 22:34:54 UTC 2026
Commit 5 at Thu Sep  3 22:34:54 UTC 2026
Commit 6 at Thu Sep  3 22:35:01 UTC 2026
Commit 7 at Thu Sep  3 22:35:06 UTC 2026
Commit 8 at Thu Sep  3 22:35:08 UTC 2026
Commit 9 at Thu Sep  3 22:35:16 UTC 2026
Commit 1 at Fri Sep  4 04:31:29 UTC 2026
Commit 2 at Fri Sep  4 04:31:38 UTC 2026
Commit 3 at Fri Sep  4 04:31:40 UTC 2026
Commit 1 at Fri Sep  4 12:42:49 UTC 2026
Commit 2 at Fri Sep  4 12:42:55 UTC 2026
Commit 3 at Fri Sep  4 12:43:03 UTC 2026
Commit 4 at Fri Sep  4 12:43:04 UTC 2026
Commit 5 at Fri Sep  4 12:43:04 UTC 2026
Commit 6 at Fri Sep  4 12:43:05 UTC 2026
Commit 7 at Fri Sep  4 12:43:11 UTC 2026
Commit 8 at Fri Sep  4 12:43:16 UTC 2026
Commit 1 at Fri Sep  4 18:58:57 UTC 2026
Commit 2 at Fri Sep  4 18:59:03 UTC 2026
Commit 3 at Fri Sep  4 18:59:12 UTC 2026
Commit 4 at Fri Sep  4 18:59:13 UTC 2026
Commit 5 at Fri Sep  4 18:59:21 UTC 2026
Commit 6 at Fri Sep  4 18:59:30 UTC 2026
Commit 7 at Fri Sep  4 18:59:39 UTC 2026
Commit 8 at Fri Sep  4 18:59:45 UTC 2026
Commit 9 at Fri Sep  4 18:59:50 UTC 2026
Commit 10 at Fri Sep  4 18:59:52 UTC 2026
Commit 11 at Fri Sep  4 18:59:56 UTC 2026
Commit 12 at Fri Sep  4 19:00:05 UTC 2026
Commit 13 at Fri Sep  4 19:00:09 UTC 2026
Commit 14 at Fri Sep  4 19:00:11 UTC 2026
Commit 1 at Fri Sep  4 22:20:39 UTC 2026
Commit 2 at Fri Sep  4 22:20:44 UTC 2026
Commit 3 at Fri Sep  4 22:20:45 UTC 2026
Commit 4 at Fri Sep  4 22:20:45 UTC 2026
Commit 5 at Fri Sep  4 22:20:52 UTC 2026
Commit 6 at Fri Sep  4 22:20:52 UTC 2026
Commit 7 at Fri Sep  4 22:21:00 UTC 2026
Commit 8 at Fri Sep  4 22:21:03 UTC 2026
Commit 9 at Fri Sep  4 22:21:12 UTC 2026
Commit 10 at Fri Sep  4 22:21:21 UTC 2026
Commit 11 at Fri Sep  4 22:21:28 UTC 2026
Commit 12 at Fri Sep  4 22:21:36 UTC 2026
Commit 1 at Sat Sep  5 04:27:06 UTC 2026
Commit 2 at Sat Sep  5 04:27:08 UTC 2026
Commit 3 at Sat Sep  5 04:27:10 UTC 2026
Commit 4 at Sat Sep  5 04:27:16 UTC 2026
Commit 5 at Sat Sep  5 04:27:20 UTC 2026
Commit 6 at Sat Sep  5 04:27:26 UTC 2026
Commit 7 at Sat Sep  5 04:27:30 UTC 2026
Commit 8 at Sat Sep  5 04:27:36 UTC 2026
Commit 9 at Sat Sep  5 04:27:37 UTC 2026
Commit 10 at Sat Sep  5 04:27:45 UTC 2026
Commit 11 at Sat Sep  5 04:27:52 UTC 2026
Commit 12 at Sat Sep  5 04:28:00 UTC 2026
Commit 13 at Sat Sep  5 04:28:04 UTC 2026
Commit 1 at Sat Sep  5 11:49:35 UTC 2026
Commit 2 at Sat Sep  5 11:49:40 UTC 2026
Commit 3 at Sat Sep  5 11:49:45 UTC 2026
Commit 4 at Sat Sep  5 11:49:48 UTC 2026
Commit 5 at Sat Sep  5 11:49:50 UTC 2026
Commit 6 at Sat Sep  5 11:49:52 UTC 2026
Commit 7 at Sat Sep  5 11:49:54 UTC 2026
Commit 8 at Sat Sep  5 11:49:56 UTC 2026
Commit 9 at Sat Sep  5 11:49:59 UTC 2026
Commit 1 at Sat Sep  5 15:12:34 UTC 2026
Commit 2 at Sat Sep  5 15:12:42 UTC 2026
Commit 3 at Sat Sep  5 15:12:49 UTC 2026
Commit 1 at Sat Sep  5 18:17:29 UTC 2026
Commit 1 at Sat Sep  5 22:03:03 UTC 2026
Commit 2 at Sat Sep  5 22:03:09 UTC 2026
